(37 (81 69 45 84))
(99 (49 41 12))
(96 (7 74 96))
(47 (99 76 37 58 63 24))
(70 (44 84 25 98 80 14 47 16 43 78))
(94 (77 15 30 95 3 66 37 51 55 0))
(59 (54 25 37 44 98 66 31 5 48 90))
(54 (29 56 9))
(27 (48 96 4 87 95 97 31 65))
(32 (32 98 7 70 14 73 15 14))
(45 (30 67 56 23 82 4 6 86 8 32))
(61 (4 91 89 30 44 62 37 25 99))
(74 (10 74 90 93 47))
(15 (99 22 72 23 49 4 85 45 79 5))
(21 (62 28 41 78 85))
(72 (97 48 91 30 39 39 97 48 84 68))
(78 (77 27 40 24))
(61 (99 6 12 62 96 62 96 24 80 12))
(51 (90 20 31 48 11))
(41 (66 61 46 47 86 54))
(93 (65 80 33 3))
(53 (43 6 60 74 41 68 32 38 25 23))
(32 (64))
(65 (5 36 79 89 57 17 94 91))
(96 (44))
(24 (79 33 27 89 67 63 92))
(53 (19 73 98 15 78 42 12 98 71 36))
(68 (38 22 62 31 52 94 69 12 18 2))
(58 (59 27 90 78 27 19 27))
(77 (93 28 7 3 57 94 15 28))
(62 (80 52 40 53))
(1 (49 87 18 11 58))
(46 (85 34 23 88))
(100 (80 57 66))
(8 (95 84 16 58 14 84 15 2 8 83))
(15 (16 37 29 14 92 97 4 27 34))
(35 (78 55 3 4 47))
(11 (74 98 52 33))
(56 (39 22 68 99))
(87 (98 22 87))
(39 (53 12 8 26 40))
(88 (42 24))
(59 (34 49 30))
(35 (14 16 72))
(18 (58 38 79 42 97 8 21))
(83 (53 60 57 92 87 37 27 10 37 84))
(44 (95 41 88 86 45 97 19 89 10 78))
(44 (47 14 52 33 79 45 84 24))
(66 (12 8 61 96 30 71 27 77 48 70))
(69 (91 5 5 67 16 12 20 58 3 55))
(92 (37 9 93 10 37 36 25 97 20))
(90 (32 11 10 2 62 76 87))
(28 (73 71 79 34 18 87))
(38 (56))
(53 (64 97))
(15 (28 96))
(5 (6 21 55))
(18 (33 47 12 64 5 27))
(74 (61 14 30))
(8 (76 64 84))
(29 (3))
(76 (23 97 74 3 16 38 5 15 32))
(42 (4))
(61 (92))
(85 (44 50 74 91 4 9 90 50))
(86 (71 22 51 21 66 44 61 90 46 28))
(5 (13 13 83 17))
(4 (28))
(88 (27 76 92 83 58 59 77 75 84))
(83 (56 13 56 95))
(77 (7 68 55 60 69))
(24 (19 42))
(16 (32))
(76 (71))
(62 (70 4 38 40 88 96 11 18 39))
(51 (83 20))
(79 (47 9 99 80 83 45 69 47 86))
(23 (99 20 66 12 98))
(52 (84 25 12 40))
(37 (62 91 66 53 77 63))
(16 (71 22 54))
(32 (37 1 90))
(12 (10 11 69 49 77))
(12 (77 35))
(70 (37 76 10 4 38 74))
(40 (52 34 20 91 82 51))
(99 (33 51 91 83 49 93 73 44 86 65))
(81 (92 55 79 67 50 34 47 21 5 23))
(52 (24 36 95 56 86 35 35 51 44 33))
(51 (46 39 10 84 58 57 24 39))
(1 (87 25 86 73 49 40 94 84 46))
(29 (80 47 52 45))
(75 (17 84 99 25 93 26))
(26 (39))
(63 (2 15 86 9))
(15 (50 93 66))
(93 (88 74 63 83 79))
(48 (65 24 1 52))
(100 (28 26 97 75 18 20))
(52 (53 43 97 25))
(94 (40 16 9 73))
(9 (34))
(19 (72 15 41 36 77 16 25 89))
(22 (42 55 65 74))
(69 (95 34 97 48 86 23 24 79 28 17))
(82 (63 11 51 45 51 10))
(43 (9 35 96 28 96 46 34))
(13 (31 7 45 79 75 13))
(13 (26 89 42 76 19 77 80 30 67 98))
(14 (29 34 94 65 90 75))
(83 (76 9 36 64 3 21))
(73 (10 5 77))
(88 (29 63 77 77))
(38 (40))
(35 (63 74 15 36 46))
(76 (46 34 18 51 35 12 47 80 93 79))
(28 (7 42 49 94))
(99 (2 10 90 25 45 18 21 39 6))
(50 (51 50))
(41 (31 9 82))
(32 (25 77 80))
(9 (25 98 64 92 82 54 2 18))
(68 (94 19))
(29 (1 56 55 6))
(32 (3 84 92 38))
(16 (59))
(100 (18 89 70 81 10 48 55 48))
(14 (81 96 6 54 53 68 89))
(36 (86 6))
(30 (63 45 77 65 19 70 27))
(71 (58))
(40 (62))
(27 (66 69 87 30 55 99))
(80 (26 10 70 99 73 20 67 36))
(17 (96 75 71 99))
(96 (15))
(98 (32 13 52 81))
(87 (7 29 20 33 44 84))
(68 (99 69 7 8 75))
(98 (65 83 82 78))
(42 (58 93 36 58 29 29 77 50 4 11))
(88 (23 11 29 15 42 99 95))
(9 (73 75 3 36 5))
(50 (3 2 7 29))
(76 (25 76 55 0 87 35 49 39))
(54 (73 57 34 32 93))
(34 (87 26 72 32))
(98 (38))
(89 (91 85 48 40 30 2 51 39 52))
(10 (19 41 42 1 20))
(49 (23 65 40 17 52))
(67 (86 51 67 1))
(57 (97 5 57 95 45 51 80 66))
(52 (59 44 54 83 97 49 85 62 44))
(55 (98))
(75 (40 68 80 16 48 26 75 72))
(83 (86 60 58 57 12 69 76 43))
(43 (28 16 57 23))
(48 (34 61 16))
(87 (7 50 60))
(38 (11 14 50 76 14))
(92 (65 64 47 87 21 48 76 9 78 2))
(39 (85 51 93 29 40 21 44 71 82 88))
(34 (44 49 56 87 57 73 61 33 79 74))
(27 (63))
(79 (12 86 95 51))
(89 (36 47))
(75 (34 72 76 43 37))
(64 (47 77 68 99 7 3 67 8 68 32))
(72 (79 7 99 3 75 43 53 7 16))
(75 (5))
(99 (17 32))
(8 (85 70 47 30 0 94 0 31 50 64))
(72 (38 21))
(40 (37 52 76 74 28 12 4 93 50 75))
(66 (6 87 0 95 41))
(67 (63))
(77 (29 90 62))
(63 (80 73))
(3 (97 62 60 24 51 9 89 56 10 23))
(1 (93 88 78 63 90 30 94))
(15 (40 92 9 38 66 56 99 61))
(27 (11))
(34 (93))
(89 (8 30 22 48 74 20))
(48 (77 11))
(1 (60 8 87 55))
(17 (30 43 62 90 9 58 91 98))
(40 (19 31 77))
(57 (57 76 47 86 66 46 70))
(90 (35 28 74 56))
(55 (58 32 48 8 61 91 29 53 93))
(49 (70 5 32 9 63))
(47 (98))
(33 (47 70 45 44))
(70 (33 22 97 2 69 20 50))
(47 (77 77 26 9 80 13))
(90 (70))
(73 (24 71 19 70 28 27))
(34 (31 46 73 91 76 88 28 12 64))
(35 (75 91 65))
(100 (61 57 48 39 89 37 91 74 31))
(37 (51 17 70 62 67))
(40 (12 48 65))
(27 (86 6))
(99 (70 51))
(100 (47 4 19 7 17 54 37 0 85))
(74 (26 95 50 11 52 49 83))
(20 (20 51))
(50 (54 89 35 65 4 42 96 54 9))
(91 (56 35 28 41 82 95 69))
(61 (40 96 6 14))
(21 (38 96 80 21 22 63))
(51 (39 44 94 74 16 50 39 2 58))
(53 (78 87 0 52 23 2 83 26 52))
(76 (97 24 51 17 57 51 90 77 57))
(49 (95 26 1 23 95 14 61 17))
(56 (97 67 56 78 48 28 91 0))
(71 (44 62 50 48 35 57 34))
(79 (6 69 61 61 93 25 34 91 28 23))
(9 (18 6))
(20 (60 9 73 36 95 84 33 63 47))
(81 (60))
(46 (19 26 60 39 1 33 54 58))
(71 (21 1 15 78 60 85 45))
(34 (31 67 47))
(28 (15 39 91 52 56 79 88 68))
(29 (55 34 31 46 41 78))
(39 (93 55))
(96 (13))
(12 (29 37 15 43 81 35))
(6 (86 99 62))
(23 (10 70 16))
(30 (58 1))
(65 (73 23 36 83))
(3 (56))
(33 (45 8 24))
(25 (64 48))
(97 (40 90 38 27 72 47 43 37))
(71 (19 41 33 11 7 69 45 89 73))
(20 (35 1 47 76 51 39))
(54 (35 20 32 96))
(14 (13 87 44 48 25 60 78))
(43 (25))
(65 (7 75 88))
(61 (95 7 40 79 74 25 9 88 94 82))
(79 (75 12 1 55 74 51 80 97 66 59))
(97 (69 10 44 80 8 44))
(81 (20 5 30 8 24))
(39 (2 34 70 8))
(79 (34 73 88 82 47 32 83 75 52 66))
(12 (6 62 19 23 28 98 26 68 74))
(73 (38 11 6 60 59 16 60 91))
(74 (88 76 6 67 55 85))
(68 (16 83))
(40 (76 2 71 43))
(97 (7 12 47 9 85 54 86 42))
(70 (83 56 68 27 77 25 50 60 89 65))
(44 (81 22 28))
(64 (98 84 88 3 91 6 49 76 77))
(10 (55 78 60 51 10 86 57 22 86 20))
(16 (78))
(50 (75 65 64))
(26 (2 10 38 83 17 36 99))
(34 (69 44 33 43 73 99 7 2 70))
(56 (39 2 93 69 0 13 97 88 5))
(11 (60 83 69 68 26 52 15 19))
(41 (9 90))
(57 (97 80 69))
(4 (94 44 86))
(67 (62 91 26))
(28 (6 83 18))
(52 (70 74 77 96 14 58 79 11))
(32 (73 75 37 87 0 87 20 64))
(98 (32 16 75 3 58 6 81 44))
(81 (36 3 87))
(41 (21 44))
(36 (51 29 87 10 74))
(53 (46 26 19 24 69 28))
(14 (46 98 71 23 83 57 87))
(71 (12 77 93 87 4 57 57))
(86 (9 96 1 80 5 88))
(16 (82 80 28 96 79 48 6 3 42 57))
(83 (15 88 84 66 66 32 77 47 91))
(15 (86 91 54))
(47 (84 21 77 18 15 54 93 46 54))
(80 (48 50 57 85 31 96 9 46 83 11))
(96 (82 70 13 61))
(12 (60 43 61 60 14 87))
(94 (97 23 56 41))
(41 (42 6 53 12 33 56))
(32 (69 36 28 42 91 54))
(28 (99 16 10 37 23))
(22 (61 76 58 94))
(34 (51 85 55 75 73))
(19 (64 8 28 69 21))
(87 (50 81 69 16 18))
(79 (63 95 36))
(89 (83 20 1 37))
(97 (41 56 89 64 31 5 29 82 56 47))
(49 (74 58 4 99 36))
(41 (6 42 83 59 65 95))
(72 (59 51 77 50 37 99))
(62 (20 64))
(39 (84 15 90 9 54))
(42 (83 13 12 32 21 25 48))
(42 (64 66 56 36 34 76 33 52))
(54 (34 73 95 31 76 53))
(97 (72 39 24 25 6))
(34 (1 29 39 7))
(20 (94 46 31))
(51 (84 96 66))
(75 (97 84 93))
(62 (58 1 54 50 26 88 18))
(70 (11 48 96 40 56 27 18 67))
(19 (90 83 27 9 57))
(64 (19 30 85 47 57 4 64 52 46))
(77 (7 90 61))
(23 (35 92 27 73 53 5 60 10))
(59 (58 8 62 61 34 28 35 97 33))
(58 (71 65 75 3 38 97 99 94 74 48))
(35 (75 22 57 54 85 52 14 69 36))
(10 (85 65 54 33 59 8 69 15 69))
(1 (29 7 15 1))
(32 (15 42 93 85 11 44 99))
(83 (60 92 84 62 38 6 33))
(2 (61 2 75 76 9 63 68 43 96 48))
(89 (93 30 23 73 29))
(64 (39 97 60 77))
(69 (48 47 82 70 37))
(100 (82 84 77 13 77 3 87 34 85))
(62 (32 81 44 61))
(93 (62 71))
(53 (87 95 47 26 68 28 26 71))
(74 (4))
(77 (57 25))
(51 (35 95))
(13 (74 30 48 84 53 39 88 42))
(93 (34))
(57 (99 53 63 26 88 82 49 42))
(14 (68 66 94 92 92 70))
(71 (17 60 9 8 63 17 34 22))
(54 (52 51 17))
(96 (33 11 84 10 6 77))
(54 (60 18 85 55 35 22))
(4 (46 72 86 63 99 20 8 57))
(9 (35 20 54))
(76 (46 40 62 50))
(52 (93 90 82 69 58 48 60 96 25 10))
(23 (49 5 64 74 51 44 66))
(57 (27 50 54 58 69 81))
(56 (26 74))
(94 (7 1 79 74 39 64))
(13 (45 94 10 83 49 78 76 83 35 64))
(14 (97 45 99 60 80 98 89 70))
(84 (40))
(96 (9 14 45 62 13 13 66 82))
(86 (49 94 65 20 5 56))
(53 (52 62 14 1))
(87 (89 58 42 81 63 21))
(48 (34 16 9 9 14 46))
(97 (40 80 63 7 63 30 15 97))
(62 (8 16 62 4 45 25))
(62 (28 75 13 5 18 80 98 23 20))
(39 (76 2 74 79 25 47 10 84 52 88))
(16 (85 28 7 22 92 50 22 22))
(100 (0 6))
(43 (93))
(57 (15 8 99 29 22 49 94))
(17 (4 59 87 61 5 19 81 59 95 45))
(52 (56 81))
(59 (76 77 15 91 59 91 84 21))
(45 (78 7 29 9 75 56 45 52 75))
(53 (52 97 37))
(15 (50 52 76 3 52 23 93))
(100 (15 4))
(27 (77 67 58 22 91 98 92 67 66))
(68 (66 20 19 90 56))
(66 (25 32))
(6 (37 57 5 26 7 5 63 83 16 99))
(99 (18 85 64 70 19 2 93 47 25))
(78 (0 85 3 90 46 3 58 99))
(17 (45))
(52 (90 18 13 52))
(25 (87 84 8 99 10 51 1 73))
(14 (38 47 1 69 21 45 65 38 10))
(30 (6 2 17 23))
(35 (13 63 9 47 58 56 26 67 83 26))
(86 (33 81 47 6 23 59 2))
(25 (59 81 11 79 61 90 26 56))
(11 (98 33 14 28 98 71 76))
(95 (44 95 34 78 14 25 73 9 4))
(53 (22 49))
(39 (85 78 0 91))
(23 (81 37))
(7 (3 25 3))
(25 (80 5 47 70))
(37 (89 16 33 42 28 40))
(31 (5 54 26 9 48 8))
(93 (44 62 72 35))
(27 (4 62 63 34 87 12 95 71))
(14 (95 30))
(49 (84))
(31 (53 26 59 15 4 4 8 58 25 1))
(90 (11))
(52 (2 70 60 95 98 96 31))
(14 (81 22 65 72 57 77 3 32 8))
(49 (28))
(62 (54 77 53 93))
(35 (60))
(50 (78 31))
(88 (92 29 72))
(46 (27 56 93 94 61 19 57))
(63 (14 35 1 27 62))
(29 (83 96 45 39))
(11 (12 52 48 45))
(18 (84))
(97 (54 40 66 51 92 44 54 4))
(79 (37 69 29 35))
(68 (68 3 28 57 2 79 66))
(76 (2 93 40 8 77))
(18 (57 17 12 67 69 83 27 57))
(30 (27 94 84 50 24 58 93 79))
(12 (95))
(78 (77 19 72 36 65))
(21 (95 33 80 2 52 22 67 90 98))
(14 (73 73 6 4 92 32 48 85 36 44))
(21 (3 41 31 77 68 54 51 79))
(90 (50 47 29 7 11 22))
(31 (98 35 87 51 64 43))
(77 (99 82 89 28 67 84))
(6 (51 48 8 2 79 35 0 34))
(88 (27 14 64))
(70 (74 33))
(76 (4 64 33 21 34 6 55 48 10 91))
(54 (48 2 46 39 60 31 57 88 81 22))
(53 (36 75 67 33 99 11))
(27 (13 3 77 53 56))
(2 (54 91 88 35))
(93 (57 86 40 24 62 9 93))
(24 (28 21 25 99 32 43 28 18 56 57))
(78 (99 50 76 7 93 19 76 37))
(28 (29 69 50 8 78))
(48 (79 32 85 1 85 58 68 41 87))
(35 (43 22 22 60 67 22))
(93 (33 67 21))
(33 (19 75 34))
(23 (5))
(58 (50 32))
(53 (76 31 8))
(75 (73 46 87 65 61))
(75 (24 73 23 79 99 94))
(15 (67 95 37 83))
(77 (22 10 13))
(92 (47 68 25 5 37 73))
(71 (7 90 44 41 16 99))
(41 (70 40 93 84 87 91 75 37 81 97))
(5 (96 28 27))
(55 (51 76 24 15 3 38 30 92 42 34))
(37 (16 28 50 1 79 99 83 50))
(34 (39))
(96 (60 52))
(60 (95 95 4 60 32 72 95))
(99 (35))
(100 (52 74 31 90 73 15 16 47 27))
(54 (90 97 65 62))
(73 (36 90 18 18))
(2 (39 2 90 81 34 48 28 27 27))
(3 (32 54 88 96 36 62 14 65))
(71 (62 8))
(80 (23 88))
(37 (79 13 3))
(95 (52 23 34 26))
(20 (16 70))
(41 (98 48 18 42))
(74 (37 35 4 61))
(67 (13 46 27 5 29 60))
(23 (98 38 67))
(22 (79 39 18 13))
(4 (58))
(50 (79 57 45 55 43 2 19))
(70 (90 70 5 76 42 90 9 68))
(3 (50 18 7))
(74 (84 82 57 7 41 54 25))
(69 (0 54 86 65))
(40 (61 32 18 5))
(3 (91 25 67 76 14 25 51))
(19 (8 86 49 79 29 79 71))
(19 (69 36 11 54 32 61 27 47 84 83))
(50 (4 52 38 75 86 3 64))
(78 (98 3 12 60 31))
(61 (33 52 47 57 49))
(75 (0 87 72 65 42 85 4 59 62 58))
(2 (31 97 3 27))
(39 (27 49 54 53 42 87 65 18))
(92 (50 59 17 4 1 73))
(40 (93 18 58))
(99 (60 19 15 12 95 37))
(21 (35 75 51 17 26 29 19 22 59))
(5 (64 82 76 31 65 70 20 61 60))
(41 (10 6 30 93 77))
(4 (52 86 67 34 12 35 99 32 61))
(24 (72 45 24 67 84 29 87 26))
(6 (64 71 10 20 59 90 84 52 77 29))
(2 (80 10 96 63 39 94 88 78))
(46 (28 80 27 9 43 65 75 69 94))
(10 (86 79 17 77 32 81 18 91))
(86 (69 68 76 79 32))
(95 (93 0 45 66 72 98 86 38 11 35))
(69 (20 10 0 66))
(41 (56 33 85 1 91))
(91 (63 31 95 90 3 37 47 20 8))
(6 (20 61))
(41 (66 41 6 44 82 48))
(3 (72 21 66 22 59 56 42))
(95 (71 79 32 87))
(88 (9 53 28 34 95 13))
(2 (48 81 63))
(49 (9))
(89 (31 57 2 22))
(12 (86 83 42 42))
(19 (53 22 84 65 6 15 57 66))
(55 (7))
(36 (66 63 60))
(96 (45 84 77))
(91 (57 54 46 35 27 80))
(57 (51))
(26 (16 1 41 86 84 14 61 68 34))
(15 (39 37 89 38 49 17 98))
(15 (61 87 76 1 19))
(55 (26 56 41 98 75))
(21 (55 88 44 53))
(10 (15))
(2 (11))
(75 (74 96 16 34 40 97))
(9 (55 35 51 20 6))
(61 (76 80 19 19 44))
(88 (93 36 50 47 17 82 49 62))
(92 (29 20 31 10 36 4 3 70))
(42 (37 56 12 2 97))
(77 (32 95 66 26))
(55 (46 63 52 65))
(20 (84 76 34 64 33 67 37 4))
(58 (13))
(41 (44 28 91 56 8 13 23))
(8 (18 36 98 29 3 88))
(39 (65 39 72 71 59 43 10 52))
(99 (83 61 64))
(37 (47 59 86 50))
(15 (1))
(65 (51 8 86 99 99 79 91 77 5))
(13 (32 80 57 19 38 77 24 24))
(53 (75 31 49 65 76 82 98 8 32 13))
(15 (47 65 46 50 94 93 54 34))
(41 (0 66 94 55 93 69 20))
(84 (38 48 53 77 19))
(17 (8 35 56 56 68 16 86 62 22))
(80 (1 23 26 97 9 65 63 87 19))
(65 (44 58 1 86 19 55))
(15 (27 12 51 32 2 42 11 35))
(19 (3 11 55 81 7 55))
(66 (95 81))
(50 (81 56 16 16 0 54 50 55 33))
(17 (11 61 15 14 94))
(39 (92 66 55))
(90 (73 47 17))
(28 (71 83 89 82))
(67 (9 93 63 85 80 13 16 5 28 9))
(67 (66 54 24 75 33 28))
(63 (89 28))
(65 (39 92 30 33 30 1 13))
(27 (53))
(71 (56))
(45 (63 31))
(99 (3 49 89 6 69 65))
(87 (99 93 75 68 64 85 69 19))
(39 (32 1 60))
(91 (77 61 82 93 56))
(86 (51 68 83 28 32 51 59 79))
(97 (2 96 31))
(84 (75 29 74))
(18 (15 95 80 96 82))
(46 (24 35 94 64 0 52 45 49 89 18))
(48 (55 4 25 65))
(88 (33 79 39))
(40 (85 23 84 8))
(75 (1 84 96 86 21 9))
(13 (64 99 77))
(61 (66 90 62 40 51 67))
(25 (9 8 44 97 77))
(96 (41 11 99 84 52 89 58))
(7 (1 46 90 24))
(45 (86 20 74))
(9 (73 46 91))
(81 (34 54 83 52 42 9))
(31 (70 58 8 49 97 30 33 98 33 50))
(97 (33 26 18 81 33 90 68 20 85 17))
(65 (58 45))
(83 (35))
(65 (36 61 72 70 44 9 21))
(18 (52 47 43 64 30 72 20 75))
(64 (51 6 25 32 21))
(40 (50))
(3 (34 48 52 59 91 66 87))
(76 (65 54 11 74 2 43 75 80 41 24))
(16 (41 52 57 77 97 5 79))
(20 (38))
(13 (63 10))
(45 (6 35))
(67 (74 66))
(98 (40 18 75 74 15 49 78))
(22 (90 49 4 87 26 93))
(50 (33))
(50 (71 59 77))
(69 (45 94 27 35 87 53))
(72 (15 32 38 28 78 17))
(43 (98 66 72 45))
(61 (72))
(18 (99 46 4 75 26 85 24 48 60 78))
(94 (38 73 33 10 45 35 73 61 3 85))
(73 (42))
(21 (97 25 84 17 83))
(26 (62 58 72 51 71 79))
(23 (34 5 99 58 26 41 78 20 92 8))
(52 (94 59 57 17 26))
(24 (52))
(1 (67 83 49 72 2 93))
(41 (77 79))
(14 (62 22 61 25 93 12))
(11 (66 63 50))
(30 (59 69 37 38 62 71 41 21))
(18 (77 41 89 55 54 38 63 1 50))
(98 (86 30 43))
(49 (51 27 95 68 97 59 50))
(99 (51 99 85 79 0 32 38))
(92 (38 87 65 20 20 3 71))
(42 (85 90 7 40 27))
(67 (71 14))
(88 (39 16 58 97 98))
(24 (29 45 16 66 87 56 92 89))
(21 (17 21 60 5 26 32))
(50 (84 20))
(87 (53 80))
(41 (39))
(29 (65 2 34 64 13 22))
(37 (83 75 23 69 7 14 36 49 42 62))
(97 (11 45 63 62))
(70 (98))
(12 (52 48 64 7))
(21 (80 37 16 89 67 43 66 99 76 87))
(58 (42 62 13 1))
(92 (95 90 28 84 2 84 77 6))
(14 (10 27 14 13 41 7 14 70 19))
(17 (43 25))
(78 (47 3 35 86 94 25))
(77 (36 99 56 74))
(72 (55 94))
(64 (8 57))
(37 (23 81 79))
(66 (22 20))
(92 (51 26 29 32 14 62 49 82 52 2))
(14 (10 34))
(90 (0 37 61 35 99 64 3 51 30 64))
(17 (19 67 33 78 4 87))
(23 (10))
(13 (57 14 80))
(71 (51 16 38 23 97 9 14 61 45 41))
(21 (0 53 92 26 9 92 1))
(96 (57 92 85))
(100 (73 39 23 39 79 26 21 50 74))
(49 (49 58 15 80 77 70 21 98))
(33 (11 33 71 88 19 38))
(10 (0 83 28 93 0 15 26 97 41))
(18 (7 66 31 61 47 46 63 62 33 99))
(96 (13 84 48 41 13 11))
(89 (12 95 67 6 68 21 34 53))
(49 (53 35 26 68 52 89))
(54 (21 13 73 41 21 10 60 83 31 27))
(23 (31 58 37 94 72 26))
(47 (55 30 16 71 94 36))
(4 (61 62 86 99 98 47))
(60 (7 64 29 86 56 57))
(2 (5))
(6 (1 33 88 81 25 37 55 63 78 24))
(75 (80 66 56 48))
(37 (67 25 26 79 58 65 92))
(37 (94 73))
(88 (8))
(30 (94 57))
(91 (5 11 66))
(29 (98 17 61 73 47 31 90 65))
(21 (4 65 89 33 29 41))
(74 (67 0 79 86 73))
(8 (41 17 5 71))
(46 (1 19 92 32))
(74 (54 28 13 48 28 73))
(21 (86))
(81 (69 82))
(61 (80 17 29 68 19 6 59 12 66))
(1 (18 42 87))
(22 (89 20 3 16 58 61))
(66 (53 16 60 72 88 90 68 6 16 27))
(69 (69 79))
(50 (49 55 3 40))
(14 (87 10 61 58 29 0 31 99 88 98))
(7 (71 11 79 32))
(47 (11 92 49 45 68))
(37 (15 76))
(41 (39 86 32 93 56 71 62 92))
(34 (64 14 65 14 69 16 83 17 87 0))
(62 (53 45 24 97))
(27 (64 75 69 84 44 62))
(67 (32 36 64 5 67 65))
(2 (89 8 8 49 83 18 81 72))
(69 (30 84 78))
(95 (44 83 29 95 34 5 73 83 39 85))
(70 (82 19 5 49 65 18 95))
(81 (75 24 75 94 89 77))
(97 (56))
(30 (14 56 54 51 11 15 91 13 86))
(93 (98 77))
(50 (56 79 38 55 41 49 79))
(55 (4 74 9 57 51 77 3 78 52))
(26 (46 21 13 16 77 73 20 67 50))
(31 (24 24 86))
(100 (82 83 81 17 29 82 73 71 99 22))
(3 (4 82 13 65 43 59 88))
(12 (15 4 88 39 61 98))
(51 (46 38 98 8 74))
(58 (99))
(1 (26 7 5 29 9 73 29))
(8 (67))
(5 (3 79 25 26 60))
(80 (33 8 29 78 61 39 29))
(56 (43))
(76 (79))
(68 (78 17 34 54 67 61 21 13))
(4 (47 14 24 53 6 46 74 8 42))
(89 (93 83 60 49 20 18 21))
(14 (73))
(11 (92 86 3 71))
(35 (85 85 19 1 14 47 19 44 95))
(45 (85 12 89 41 83 6 58 96 44 72))
(35 (61 86 12 24 12 26 49 78 39 20))
(85 (8))
(39 (65 54))
(55 (58 13 20 37 52))
(96 (66 57 80 89 66))
(13 (66 72 96))
(90 (59 73 96 91))
(24 (46 65 76 37 26 81))
(97 (50 9 73 84 49 21))
(57 (85 97 0 37 35 1 36 27 28 88))
(10 (84 24 48 90 7 10))
(44 (58 62 63 27 82 36 28 95 78 7))
(31 (65 38 11 97 51))
(83 (49 6))
(97 (98 74 6 18 21 61 22 72))
(34 (77))
(96 (55 80 78 58))
(61 (24 22 88 40 78 99 67 76 94))
(35 (21 95 39 83 71 30 33 64))
(83 (83 56))
(4 (29 15 71 24 53 1 8))
(34 (34 57 16 10 11))
(50 (77 5 57 45 52 38))
(8 (15 11 41))
(82 (94 82 28 92 55 48 62 19 92 48))
(45 (10 73))
(47 (85 33 6 85 41))
(33 (59 70 2 83 48))
(29 (49 49 9 8 34 15 51 66 64 23))
(98 (24 86 86 76 32 4 58 42))
(32 (33 73 30 16 82 89 95 13))
(49 (42 34 39 25 63 43 12 33))
(11 (56 99 0 75 14 18 72 90))
(44 (10))
(9 (44 58 62 43 47 70 12))
(74 (5 94 46 16 33 46 13 55))
(47 (2 66))
(75 (10 47 74 25 58 68))
(32 (79 65 39 20 80 72 52 75 58 63))
(50 (27 32 3 45 55 98 2 84))
(50 (34 60 43 34))
(62 (9 74 5 14 19 9 22 38))
(99 (92 3))
(23 (39 80 69 32 1 31))
(46 (59 72 2 89 3))
(20 (44 79 85))
(33 (19 18 50 23 61 62))
(11 (98 94 38 24 61 43 25 50 84 54))
(49 (28 99 9 94))
(18 (16 28 80 29 70 27 70 99))
(91 (71 71 23 78 95))
(7 (95 66 42 67 93 40 2 51 96 50))
(15 (49 21 77 51 7 96))
(94 (85 35 91 68 58 81 70 82))
(10 (13 69 85 80 75 53 27 62 28))
(57 (47 38 10 96 63 77 57))
(80 (46 59 95 39 19))
(42 (80 22))
(57 (64 57 0 29 45 62 71 51 13 56))
(68 (10 9 89 50 56 55 93 0 94))
(52 (86 97 85 11 13))
(54 (42 62 80 16 93 69 73 67))
(23 (34 76 76 68 60 24 97 78 27))
(77 (2))
(34 (53 70 35))
(24 (49 58 36 41 82 30 19 15))
(12 (58 79 40))
(71 (8 29 23 3 7 67 62 49 64))
(19 (54 39 20 98 24 64 7 37))
(51 (34 20 91 40 68 39 84 69 76))
(14 (19 17 98 49 96 21 22 3))
(95 (11 62 62 73 44 39 10 37))
(96 (43 88 78 18))
(39 (43 49 63 85 8))
(73 (42 74 40 34 26))
(84 (2))
(52 (96 23))
(82 (66 96 80 54 18 21))
(37 (97 77 59 92 54 36))
(69 (90 65 48 36 34 61 4 63 27))
(11 (11 34 22 14 6))
(62 (9 46 30 63 37))
(33 (51 60 54 73 38 54 48 79 37))
(13 (73 40 3 96 63 53 85))
(15 (91 55 23))
(34 (9 55 26 25 11 28 50 20 45 31))
(1 (13 62))
(45 (24 29 89))
(48 (5 55))
(39 (51 54 40 74 40 10 37 25))
(76 (35 28 28 17 48))
(29 (72 53))
(44 (55 96 93 32 75 49 70 54))
(61 (16 7 62))
(61 (15 55 93 51 43 86))
(6 (18 59 20))
(15 (44 38))
(1 (49 18))
(97 (53 88 62 31 32))
(41 (40))
(78 (21 69))
(76 (62))
(46 (30 2 13 5 92 43 50 31 97))
(44 (96 2 2 23 46 73))
(35 (81 37 90 36 90 69 33 62 88))
(64 (28 22 5 61 66 78 38 46 11 87))
(58 (30 44 67 6 47 99 7 16 55 30))
(21 (12 9 76 94 67 40 20))
(49 (4 70 65 93 15 87))
(98 (47 80 16 2 12))
(18 (71 76 13 57 62))
(15 (18 88 96 22 95 16 72 25))
(78 (31 25 95))
(24 (37 95 96 72 91 2 35 23 36))
(63 (69 31))
(17 (32 48 17 83 92 2))
(82 (89 98 36 94 57 36 89))
(51 (30 7 8 25 16 45 21))
(3 (1 58 86 49 39 31 89 39 11))
(33 (19 1))
(97 (68 25 5 19 31))
(15 (6))
(38 (44 53 68 23 94 67 60 98 30))
(33 (16 37 32 36 0 19 63 79 59 34))
(78 (78 74 23))
(77 (33 47 5 62))
(5 (98 41 60 4))
(81 (40 10))
(47 (48 8 79 93 94 26 7 96))
(45 (80 42 38 86 92 0 80 1))
(57 (35 51 15 74 53 70 60))
(6 (88 33 90 19 62 48))
(41 (68 42 57 71 69 38))
(42 (36))
(56 (61 71 64 82 11 63 35 29 13))
(66 (69 25 18 75 4 46 66 70 58))
(1 (70))
(60 (0 63 71 15 38 43 28 64 38))
(73 (48 69 54 6 21 1 4 58 98))
(8 (89 29 45 40 72))
(9 (10))
(76 (45 76 48 41 10 0 71 80 53 90))
(53 (61 55 63 3 52 80 74 37))
(4 (60 24 50 73 41 79))
(46 (11 6 13 24))
(32 (22 59 73 24 33 26 47))
(77 (54 30 58 86 82 94 29 8))
(49 (46 32 44 47 96 53 67))
(27 (24))
(28 (79 29 34 52))
(48 (66))
(28 (97 7 37 33 16 84 82 80 14))
(59 (82 70 50 80 15 61 99 24 37))
(88 (49 69 9 78 98))
(88 (96 68 15 52 49 33))
(76 (5 9 4 30 25 89))
(60 (87 68 18 6 55 57 67 26))
(49 (98 81 88 73 0 8 42 77 54))
(42 (10 53 83 22 71 4 17 44))
(29 (23 16 23 24 99 67 35))
(10 (69))
(20 (25 11 87 29 72 62))
(16 (46 96 50 38 34 66 9 6))
(54 (77 44 22))
(30 (61 60 65 2 86 88 65))
(69 (54 34))
(45 (5 1 18 73 41 74 91 9))
(46 (24 16 36 86 5 83 0 18))
(36 (46 58 77 15 15))
(88 (40 66 88 46 37 97 8))
(100 (62 50 21 38 9 91 48))
(3 (32))
(14 (9 70 24 88 51 12 66 89))
(65 (3 64 28))
(76 (51 12 64 24 96))
(29 (8 53 42 50 59 48))
(10 (51))
(68 (55 36 11 57))
(40 (36 85 75 63 88 72 19 33))
(28 (94 30 53 79 3 54))
(63 (85 22 74 65 11 83 60 87 12))
(58 (2 31 65 75 59 75))
(47 (3))
(88 (14))
(90 (45 93 6 47))
(89 (90 16 95 60 33 64 89 5 98 35))
(61 (20 54 61 33 34 81 33 23 99 33))
(80 (41 83 97 50 18 99 72 97 67))
(71 (54 66 70 37 82 54 44 6))
(70 (81 46 73))
(17 (93 40 98 14 73 93 5))
(12 (10 15 73))
(37 (35 79 82 7 65 67 11 51))
(19 (44 32 34 91 16 19 81))
(71 (93))
(34 (61 30 87 78 61 92 96 28 70 71))
(56 (43 49 46 67 92 15 94 60))
(75 (95))
(62 (46 25 4 91 0))
(25 (11))
(21 (38 52 2 35 36 55 92 21 8 4))
(86 (49 57 49 78 6 46 98))
(33 (84 68 59 54))
(88 (16 20 97 46 23 88 93))
(100 (25 7))
(41 (56 13))
(40 (35))
(21 (35 11 6 4))
(57 (43 75 76 65 62 34 88))
(11 (10 70 58 78 31 82 6 18 17))
(18 (62 56 52 78))
(43 (37 10 13))
(37 (67 18 89 30 21 75 38 28 89 43))
(24 (39 50 69 70 57 73 86 90 99 86))
(61 (36 33 99 55 89))
(52 (14 99 12 81 80 23 41 51 15))
(75 (1 5 48 55 77 50 1))
(100 (66 52 17 50 59))
(69 (38 51))
(12 (79 26))
(56 (57 73 56 79))
(18 (59 84 12 30))
(89 (61 66))
(41 (93 3 55 70 73 17 92 96 18))
(48 (49 25 66 37 27 19))
(96 (69 40 66 78 84))
(26 (38 81 69 37))
(27 (61 26 29 18))
(99 (77 66 8 8 26 2 16))
(56 (35 19))
(89 (62 46))
(6 (83 41 62 9 79))
(94 (76 97 3 84))
(33 (95 9 58))
(82 (95 37 97 79 8 36 51 44 71 32))
(69 (93 71 84 77 35))
(64 (57 11 25 58 98 23))
(98 (95))
(81 (5 11 42 32 4 33 32 85))
(16 (38 7 46 26 93 38 69 67))
(37 (27 6 3 97))
(14 (38 28 3 38 88 40))
(88 (74 83 19))
(76 (19 39 88 28))
(57 (27 74 4 12 70 99 3))
(85 (8 8 40 92 93))
(70 (50 19 20))
(45 (80 85 35 25 66 90 64 50 39))
(31 (5))
(65 (5 37 84 22))
(12 (83 47 96 42 49 86 56 95 26 84))
(16 (29 44 97 9 90 66 16 86 5 26))
(42 (51 82 94 18 99 11 10))
(61 (28 65 68 83 26 72 67 37 0 58))
(41 (99 37 3 24))
(56 (3))
(76 (17 86 74 96 63 94 98 98 86))
(79 (13 25 30 16))
(77 (51))
(100 (98 0 93 89 50 49 92 80 58))
(10 (52 89 58 36))
(23 (18 25 81 79))
(67 (47 12 16 18 58 39 26))
(96 (85 57 0))
(85 (39 53 94 23 91))
(70 (94 98 85 67 63 79 44 5 4))
(36 (73 79))
(34 (49 76 90 33 65 64))
(45 (78 30 0 6 43 36 19))
(6 (75 65 2))
(71 (26 91 54 86 14 19 67))
(35 (66 72 16 40 38))
(24 (91 21 59 5 52 67))
(74 (29 96))
(15 (90))
(66 (41 12 11 93 40 53 65 34 94 5))
(58 (27 49 73 82))
(87 (11 45 67 97 13 19 31 69 75))
(62 (17))
(71 (56 52 18 67 38))
(46 (9 94 87 75))
(59 (28 78 7 22 59 24))
(12 (9 72 79 38 14 26 23 29 32))
(59 (38))
(66 (13 96 32 99 91 66 88 75 53))
(44 (55 73 72 67 47))
(53 (11 49 50 4 63 72 79 6 41))
(72 (97))
(77 (6 97 80 65 38 74 60 40 45 87))
(65 (47 19 4 88 72 44 37))
(75 (95 53 48 26 73 8 73))
(44 (65 55 8 53 76 69 63))
(49 (44 90 95 75))
(88 (85 59 0 45 78 23 6 71))
(3 (89 67 15 30 75))
(41 (67 14 29 27 55 69 60 61 82))
(35 (64 25 82 70 74 21))
(39 (20 21 79 21 94 45 92 63))
(55 (7 13 64 23))
(84 (64 8))
(52 (55 13))
(82 (63 13 96 72 60 86))
(1 (22 37 83 17 41 6 48 81 7 11))
(14 (70))
(76 (12 64 18 63 28 0))
(12 (31 75))
(88 (76 69 78 92 71 34 29 16 30))
(15 (4 61 27 40 68))
(50 (69 68))
(69 (45 82))
(92 (65 24 80 54 61 74 9 41))
(28 (10 42 4 20 43 85 31 70 13))
(71 (9 2))
(11 (82 37))
(67 (68 93 10 6 40 14 4 65 60 17))
(56 (45 49 30 56 99 80))
(78 (56))
(87 (18 29 65 96 44 80 66 25 20 86))
(21 (36 78 41 1 59))
(24 (44 16 59 38))
(28 (21 51 86 85 96 14 17 72))
(50 (61 87 37 94 31 98 66))
(2 (93 29 47 14 48))
(52 (72 56 96 52))
(7 (78 48 69 35 86 59))
(40 (27 8 26))
(25 (39 80))
(72 (53))
(62 (8 88))
(86 (87 76 54 57 20 95 28 14 35))
(39 (55 6 92 91 61 26 72 39 53 90))
(81 (68 43 27 69 88 1 57))
(38 (66 35 30 79 15 16 57 85))
(62 (57 0 19 50 36 77))
(66 (80 67 38 48 92 79 86 86))
(27 (70 61 98))
(26 (42 81 66 86 71))
(89 (79 85 81 37 7 94 16 0))
(80 (83 10 69 69 70 8))
(7 (57 6 55 44 16 11))
(52 (31 42 34 63 8 2 80))
(73 (76))
(34 (12))
(46 (88 47 66 42 10 31 25))
(83 (33))
(86 (61 71 3 96 17 64 13))
(64 (62 58 32 93))
(48 (37))
(16 (8 39 30 91 50 43))
(98 (16 90 11 62 95 84))
(64 (97 89 42 59 91))
(91 (95 88 85 12 33 57))
(44 (53))
(94 (52 54 17 78 4))
(22 (27 89 57 73 94 23 26 34 10))
(97 (56 34 47 8 46))
(25 (67 64 10 31 31))
(69 (46 84 70 60 52 20 46 63))
(5 (75))
(41 (2 53 56 84 81 97 60 88 46))
(39 (8))
(13 (82 43 80 8 74 52 39 98))
(49 (46 41 73 19 78 63 77))
(55 (59 9 86 11 76 11 82 39))
(63 (79 91 32 28 93 29 91 1 70))
(95 (37 73 95 69 34 68 29 98 54))
(64 (27 76))
(46 (87 46 11 73 59 3 92))
(47 (73 42 38 58 91 88 83 34 39))
(87 (3 20 30))
(13 (75 86 87))
(97 (72 11 8 31))
(62 (88 0 97))
(59 (37 13 9 58 66))
(51 (82 10 29 72 21))
(77 (83 32))
(34 (49))
(20 (42 3 24 23 68 90 34 29))
(82 (63 83 67 7))
(64 (54 12))
(76 (36 20 3))
(37 (15))
(57 (73 12 9 38))
(44 (64 29 72 72))
(98 (70))
(6 (47))
(14 (36 10 4 67 36 12 50))
(28 (14 96 90 97 7 94 88 73 68))
(11 (65 86 31 99 67 67 45))
(11 (77 10 2 35 29 3 45 38 52))
(60 (25 12 43))
(19 (38 12 67 47 89 3 47 99 41))
(5 (31 78))
(34 (12 43))
(71 (25 65 36 75 75 97 28))
(98 (82 7 55 26))
(87 (87 66 18 98 3))
(61 (61 50 73 90 72 0 29 61))
(45 (87 34))
(34 (7 58 80 36))
(46 (57 19))
(34 (41 43 75 15 49 91 47 83))
(85 (49 17))
(7 (74 63 79 58 32 55 51 58))
(29 (73 78 79 28 8 24 92))
(13 (38 56 26 40 21 74 86))
(25 (78 55 63 32 88 92 63 88))
(63 (60 85))
(85 (81 35 22 11 24 80))
(6 (13 95 36 16 64 92 86))
(94 (71 0 23 19 57 53))
(10 (69 51))
(9 (95 6 8 82 72 62 17 57))
(56 (91 32 6))
(24 (2))
(67 (57 50 56 54 24 61 20))
(22 (16))
(20 (25))
(44 (50 62 10 56 83 66 88))
(77 (67 76 20))
(55 (64 64 79 41 29 40 14))
(41 (3 53 93 56 91 91 91 55))
(26 (86 59 87 94 96))
(86 (97 4 64 53 61))
(33 (3 27 40))
(15 (72 75 3 71 85 56 13 6))
(53 (49 89 78 55 77 27 97 94 59 37))
(46 (95 63 74 89 13))
(96 (74 32 92 46 27 38 32 92 43))
(52 (81))
(21 (22 18 83 94 32 33 93 49 77))
(62 (81 69 75 23))
(54 (2 12 65 29 86 68 31 53 7))
(59 (50 39 79))
(70 (2 30 30))
(78 (27 19))
(81 (24 85 38 94 61 46 37 39 4))
(56 (4 6 74 63 2 91 91 19 66 16))
(14 (74))
(72 (58 53 12 30 85 4 23 59 68))
(13 (96 7 66 31 47 77 33))
(11 (96 71 12 35 1))
(96 (70 99 35 96))
(60 (41 6 24 38 61 11 66 67 10 47))
(84 (25 35 25 17 44))
(28 (14 89 32 34 2 26 29))
(82 (12))
(47 (32 32 11 98 98 99 91))
(90 (91 25))
(70 (80 76))
(94 (59 52 81 32 61))
(26 (26))
(14 (21 34 38 75 6 96 27 82 94 41))
(86 (11 6 77 18 51 42 61 98 84))
(1 (33 66))
(49 (14 71 41 88))
(46 (74))
(84 (22 77 30 37 20 64 67 82 36 57))
(52 (11 51 36))
(35 (91 78 6))
(79 (44 84 32 26 52 75 74))
(6 (82))
(70 (1 53))
(94 (43 55 59))
(36 (5 35 15 93))
(96 (19 97 6 63 20 26 74))
(37 (74 36 16))
(45 (97 16 77 28 23 67 60 82 60))
(9 (94 26 59 95 27 30 13 2))
(37 (31 32 75 75 41))
(54 (97))
(24 (7))
(69 (6 60 43 47))
(48 (10 99 43 2 49 98))
(95 (0 61 44 46 43 87 49 91))
(10 (67 91 78))
(21 (52 63 61 34 71 61))
(25 (99 18))
(83 (45 61 90 45 74))
(70 (20 64 96 64 25 21 84 87))
(90 (53 48 97 27))
(17 (28 22 86))
(30 (27 19 14 93 82 31 88 99 96))
(55 (56 6 2))
(70 (6))
(91 (72 89 51 24 64 21 74 84))
(94 (85))
(17 (67 79 29 48 88 5 77 3))
(35 (92 85 81 78))
(59 (33 2 78 19 89 36 92 43 73 99))
(64 (64 32 80 71))
(31 (5 94 85 88 78 35 80 23 65))
(9 (82))
(32 (44 17 98 73 87 1))
(78 (66 68 92 54 63 86 16 26 53))
(80 (58 91 29 67 44 22 96 48))
(88 (40 46 59 27))
(61 (98 2 79 59 9 10 3 93 39 32))
(49 (66 45 59 38))
(73 (72 80 92 20 17 15))
(22 (41 16 33 20 94 90 15 51 27 29))
(25 (54 82 81 0))
(63 (84 29 96 63 84 38))
(92 (69))
(85 (37 96))
(95 (11 21 42 65 8 50 53 62 46))
(94 (21 4 17 76 26 3 65 58 26))
(58 (84 28 78 43 12 59))
(71 (54 28 42 32 11))
(18 (11 68 10 76 69 33 11 1 27))
(23 (22))
(31 (57 33 93))
(100 (3))
(36 (45 22))
(82 (85 79 72 82 52 37))
(97 (37 29 57 74))
(20 (99))
(21 (3 35 63 59 27 38 91))
(73 (35 43 12))
(21 (89 59 32 41 4 57))
(60 (79 6 93 73 33 31))
(8 (95))
(57 (64 63))
(100 (72 66))
(32 (65 29 92 91 61 21 81))
(79 (69))
(56 (14))
(74 (46 72))
(6 (81 82 23 30 22 12 3))
(30 (41 3 57 18 63 8 64 43 60))
(94 (43 53 43 89 2 61))
(42 (62 60 2 33 57))
(46 (83 14 24 40 75 69 21 25))
(42 (24 65))
(51 (30 65 7 98))
(91 (27 32 84 74))
(79 (81 21 98 41 75 6 71))
(80 (76 1 55 4 12 55 86 48 4 60))
(56 (50))
(14 (82 33 66 24 13 73))
(98 (15 32 41 33))
(92 (19 32))
(12 (24 0))
(37 (41 45 6 31 24))
(90 (56 99 44 67))
(55 (37 8 36 1))
(65 (53 3))
(70 (38 37))
(73 (55 26 45 32 71 85))
(24 (44 2 10 90 12 87 59))
(38 (60 41 28 12 41 90 47 6 90))
(38 (88 34 18 55 34 19 89 7 73))
(25 (89 26 61 13 0))
(14 (93 28 60 43 3 98))
(91 (72 95 35 48 33))
(90 (28 49 8 55 9 10 53 37 2))
(99 (71 88))
(28 (72))
(95 (33 76 30 32))
(18 (81 98))
(41 (81 3 71))
(77 (62))
(23 (12 4))
(23 (7 4 51 73 53 1 95 57))
(72 (38 30 56 66 73 4 0 63))
(2 (86 79 77 89))
(88 (71 81 82 63 71 78 13))
(76 (76))
(16 (65 68 0 79 56 39 3 70))
(16 (90 5))
(42 (12 51 88 30 84 31))
(18 (84 75 97 54 29))
(49 (2 95))
(1 (35 69 69 54 83 80 64 15 48 23))
(12 (57))
(32 (19 32 17 20 3 23 56 19))
(53 (18))
(14 (63 96 30 79 84 18))
(54 (67))
(25 (85 21 79 62 55 17 21 58 26))
(47 (10 69 48 15 4 45 96 89 88 35))
(36 (97 69 43 92 61 56 61 52 80 95))
(85 (88 24 4 7 91 80 66 77))
(13 (85 69 34 57 35 62 38 28))
(66 (25 99 43 54 27))
(55 (57 53 87 25 87 49 35 12 49 19))
(25 (64 21 19))
(68 (41 55 73))
(88 (11 4 95))
(39 (17 56 20 23 83))
(20 (28 52 69 23 5 6 15 69))
(32 (48 17 49))
(11 (58 95 36 38 59 81 16 88 95 29))
(3 (77 25 72 7 81 2 95 0 24))
(89 (84 94 74 90 40 58 41 21 50 89))
(77 (12 1 44 32))
(89 (14 32 37))
(79 (92))
(64 (69 30 91 54 89 93 10 11 7))
(81 (60 45 21 5))
(97 (15 29 36 52 10 89 58))
(39 (75 11 55 15 36 12))
(51 (86 85 89 32))
(88 (16 15 70 85 12 94 36 49))
(58 (55 76 33 54 52 62))
(96 (44))
(98 (44 85 36 65 91 30))
(89 (63 13 85 68 13 0 86 51))
(63 (18 37 60 59 40 66 5 71))
(88 (16 32))
(52 (53))
(55 (42))
(80 (65))
(9 (25 27))
(12 (33 87 18))
(17 (99 14 41 90 96 46 3 75 26 73))
(96 (4 37 1 5 47 45 91 71))
(85 (11))
(69 (14 73 34 40 14))
(19 (60 50 98 91 11 11 17))
(87 (59 74 76 41))
(8 (10 87 73 47))
(29 (14 36 83 40 57 23 96 53 25))
(73 (4 45 81 94))
(100 (2 18 81 15 27 2 67 47 95 28))
(96 (59 53 93))
(90 (75 72 29 6))
(74 (14 56 43))
(10 (83 30 95 80 43 26 99))
(71 (22 95 45 41 47 29 53))
(5 (7 40 45 39 56 13 81 80))
(51 (5 31 76 16 64 22 74 10))
(75 (7 80 56 57 26 66))
(11 (79 13))
(72 (58 63 43 83))
(7 (69 17 15 42 97 49))
(75 (97))
(79 (15 87 63 96 74))
(81 (88 16 21))
(46 (76 19 56 46 52))
(99 (6 15 54 22 59 86))
(25 (45 48 32 7 94 87 79 67))
(47 (88 37 76 7 90 70 10))
(46 (97 73 4 89 33 40))
(35 (60 90 19 75 37 76 28 62 75))
(53 (24 90 32 73 96 50 62))
(37 (94 65 99 33))
(21 (20 86 98))
(59 (40 87 70 54 49 67 10 21))
(83 (45 0 19 30 33))
(70 (40 80 90 31 67 6 52 68 44))
(31 (89))
(7 (68 19 90 3 57 88))
(24 (28 37 88 41 94 68 88 44 72 72))
(26 (82 53 35 31 25 60 20 42 77 73))
(17 (23 26 42))
(44 (76 56 72 47 94 47 29 89 20))
(100 (32))
(17 (13 22 77))
(4 (28 35 21))
(73 (41 83 1))
(34 (70 58 8 60 99 37 23 14))
(2 (69 1 0 81 81 76 76 82))
(89 (77 95 88 30 48 52 39 69 68))
(71 (30 46))
(69 (10 75 14 70 42 12 80))
(36 (28 41 8))
(91 (17))
(73 (22 9 30 42))
(56 (86 47 28 24 97))
(62 (39 53 14 39 25 23))
(33 (63))
(42 (24 49 16))
(89 (76 71 17 28))
(4 (95 83 3 72 82 24))
(89 (43 49 64))
(25 (6 83 90 9 53 29 62 65 42))
(58 (53 5 53))
(84 (86 17 74 26 45 7 84 95 86 38))
(46 (44 79 16 76 72 96))
(7 (57 10 10 88 73))
(71 (43 11 5 3))
(75 (33 57 54 78 69 69))
(4 (79 78 38 56 56 83))
(56 (79 76 26 28))
(48 (96 73 40 66 42 69 32 45 68))
(32 (60 53 16 50 87 6 59 14 38))
(38 (95 70))
(75 (34))
(37 (33))
(68 (14 38 34 50))
(39 (31 55 97))
(2 (79 43 97 54 44 84 90))
(1 (96 33 58 46 49 62 40 79 21 97))
(83 (0 30 10 76 95))
(20 (9 55 5 74 98 45 76 21))
(38 (65 77 81 48 3))
(56 (17 89 47))
(27 (59 60 72 2 78))
(85 (78 74))
(2 (1))
(93 (76 82 46 3 22 51 74 18 2))
(59 (4 33 54 55 48 74 96 95))
(37 (54 12))
(95 (71 25 69 51 27 74 64 39 56))
(95 (83 52 44 86 68))
(89 (4 75 54 33 81 11))
(85 (62 37 45 5))
(25 (58 21 53 66))
(88 (51 60))
(82 (40 89 13 46 38 55 77 34 6 27))
(64 (72 68 24 84 82 4 58 8 62 11))
(30 (58 97 75 25 53 64 82 22 2 86))
(52 (66 87 25))
(66 (87 82 47 65 30 5 56))
(70 (63 56 41 53 11 59))
(76 (68 77 41))
(90 (67 2 9 6 24 73 66 25 79))
(3 (1 63 75 67 60 12 15 95))
(63 (66 97 15 54 24 90 87 2 45 95))
(87 (44))
(96 (24 30 8 44 48 10 11 66))
(55 (32 78 89 4 82 40 90))
(100 (64 72 96 25 75 72))
(32 (76 34 59 75))
(99 (73 6 15 60 4))
(26 (58 99 13 88))
(84 (30 95 92 14 32 76 88))
(89 (78 78 84 36 61))
(19 (66 69 81 27 43 59 30 5))
(78 (72 27 78 60 84 38 6 2 48))
(35 (59 42 16 23 58 93 60 75 69))
(57 (47 97 73 72 12 30 83 29 3 4))
(66 (56 94 64 51 87 37 76 33 61 39))
(19 (84 18))
(99 (35 56 28 39))
(47 (95))
(12 (90 69 35 44 80 6))
(100 (27 30 98 21 84 92 23 60))
(37 (22 40 10 44 28 42 33))
(53 (23 5 25 48 37 61 3 23 96 34))
(43 (78 81 63 75 46 94))
(90 (74 76 13))
(5 (3 98 81 41 47 4 87 91 3))
(84 (6))
(36 (21 3 68 28 20 5 63 18))
(91 (11 41 84))
(76 (48 65 61 86 63 56 57 25))
(93 (10 85))
(85 (58 92 52 45 2))
(78 (82))
(77 (48))
(62 (53 34))
(40 (11 25 87 8 23 97 16))
(68 (62 87 19 5))
(29 (16))
(95 (3 8 61 32 42))
(84 (9 72 36 22 71 74 58))
(75 (80 47 99 9 68))
(30 (30 77 32 43 54))
(23 (14 87 51 3 14 65 1))
(45 (75))
(45 (25))
(5 (67 32 58 39))
(84 (42 97 19 46 97))
(30 (41 89 91 77 24))
(17 (63 36 71 9 25))
(17 (20 89 82))
(94 (11 80 71 59))
(3 (94 60 66 48 39 42 46))
(86 (62 21 56 50 7 57 17))
(66 (78 41 2 60 74 72 97 17 83))
(23 (11 32 73 2 53 14 62 59))
(26 (71 64 18 29 88))
(33 (39 73 13))
(92 (41 49 43 21 31 45 45))
(90 (64 53 6 12 23 48 11 61))
(64 (14 40))
(15 (39 26 70))
(74 (32))
(90 (61 60 58 27 10 42 69 31 74 24))
(14 (97 39 61 48 7 17 9 52 40))
(50 (90))
(46 (92 56 16 48 30 99 89 81 24))
(58 (33 18 12 45 55 55 7 60 64))
(71 (91 2 12 83 65 99 59))
(82 (61 1 98 92))
(34 (91 54 47 2 66 62 6 39 65))
(88 (82 72 82 0 57 20 88 59 6 1))
(47 (53))
(56 (41 81 71 57 36 20))
(80 (76 61 33 79))
(70 (27 39))
(16 (66 58 61 35 38 2 20))
(95 (87 53))
(59 (35 2 63 80 44 17))
(87 (33))
(36 (93 25 74))
(68 (91 84 77 74 80 82))
(35 (46 66 4 86 7 54 95))
(72 (46 18 76 97))
(2 (33 79 25 94 60 2 53 33))
(72 (85 15))
(98 (76 37 55 2 3 3 84))
(7 (6 25 13 78))
(75 (93 43 72 67 88))
(57 (19 1 17 17))
(61 (31 34 51 70 88 81))
(36 (14 46 45 75 90))
(94 (15 11 49 23 22 1 64 32 62))
(83 (27 53))
(49 (64 45 78 58 7))
(11 (45 26 40 59 47 81 28 68 69 33))
(20 (55 49 96 31 63 10 28))
(3 (89))
(94 (1 87 29 1 86 82 18 73))
(21 (67 90 16 75))
(35 (31 50 93 3 5))
(38 (24 76))
(43 (89))
(82 (28 83 25 37))
(38 (81 62 16))
(66 (11 51))
(35 (32 84 88 19 36 61 3 17 17 4))
(65 (94))
(66 (37))
(51 (57 99 65 45 62 71 47))
(44 (66 73 62 1 93 29 34 28 23 50))
(95 (40 85 22))
(57 (78))
(72 (18 61 46))
(95 (33 44 98 85 18 37 1))
(75 (3 80 23 42 71 74 78))
(29 (16 93 60 11 26 17 92 9 66 59))
(12 (75 8 90 54 45 88 53 75 14 34))
(19 (33 4 66 12 54 54))
(47 (8 10 68 30 57 90 87))
(92 (87 28 62 65 72 75 77 70 25 31))
(45 (47 56 74 87 43 25))
(13 (64 1 86 19 46 14 1 89 7 54))
(89 (59 29))
(4 (53 13 66 36 17 93 97 23))
(64 (87 86 35 16))
(21 (78))
(44 (6 74 46 13 58 66))
(86 (25 72 91 89 12 69 12))
(69 (40 56 59 15))
(27 (86))
(30 (13 71 66))
(99 (95))
(42 (34 30 39 90))
(21 (16 9))
(27 (99))
(26 (56 85 86 77 37 43))
(46 (69))
(59 (0 99 42 75 75))
(86 (64 50 93 56 27 44 54 12 23 27))
(40 (92 44 16))
(36 (30))
(6 (17 69 65 33 11 97 91 54 39))
(88 (17 84 76 18 7 7 22))
(67 (52 27))
(72 (54))
(10 (73 17 98 41 16 78))
(3 (76 91 5 33 98 42 49))
(81 (20 60 54 24 89 62))
(40 (89 79 10 16 81 27 2 48 76 99))
(69 (82 67 26 53 88 68 3 9))
(26 (67 54 66))
(16 (90))
(68 (63 13 71 31 29 12 0 98 61 56))
(52 (28))
(29 (85 62))
(87 (83 57 22))
(76 (58 91 17 18 93))
(89 (45 18 16 61 41 16 36 4))
(62 (15 34 85 76 7 30 13))
(52 (49 66 69 22 31 49 24))
(55 (17 47 36 15 53 56 30 27 7))
(26 (29 72 9 8 92 67 86 97 50))
(85 (0 3 75 36 95 40 68 93 77 45))
(18 (72 46))
(91 (38 4 60 17 7 18))
(93 (90 78 35 41))
(40 (88 71 14 33 79 4 84 37 61))
(89 (2 32 84 41 63))
(66 (70 85))
(34 (52 56 39))
(38 (78 5 80 76))
(54 (81 20 41 19))
(92 (46))
(13 (30 60 46 2))
(22 (81 94))
(6 (30 47))
(71 (88 1 36 25 71 20 96))
(16 (72 77 28 91 77 73 98 33))
(64 (21 40 87 25 28 67 86 82 10 98))
(84 (69 38 4))
(16 (30 52 95 8 78 48 61))
(81 (29))
(72 (21 66 14 42))
(45 (13 64 58 75 3))
(43 (35))
(57 (26 52))
(16 (79 85 66 65))
(59 (26 4 56))
(33 (26 34 52 71 29 20 70 23))
(59 (79 43 43 45 13))
(40 (56 71 13 71 41 54 63 80))
(15 (10 94 51 45))
(25 (21 94 38 80 16 68 51 11))
(39 (50 59 77 78 81 48 20))
(10 (56 86 44 40 13 82 69 57 67))
(97 (5))
(67 (45 68 35 72 52 96 79 4 39 22))
(34 (80 15 91))
(44 (58))
(29 (42 25 35))
(57 (58 92 4 35 69))
(79 (39 89))
(64 (95 50 54 51 18 87 36 47))
(61 (53 74 53 47 88 69 57 6))
(68 (52 95 31 29 3))
(22 (24 96 28 41 30 42 3))
(8 (2 95 36 59 92 41 72 46 87 82))
(96 (7 56 54 2 49 79 85 75))
(56 (20 66 1 24 45 59 44))
(32 (73 31 61 36 15 72 75 78 68 25))
(2 (0 62 29 60 80 87 51 24 78))
(30 (0 9 45 54 97 81 7 6 16))
(9 (74 52 75 25))
(95 (26))
(35 (80 42 72 55 6 32))
(60 (12 0))
(18 (75 72 9 68 84 21 12 70 58))
(16 (95 79 57 53 53 45 91 37))
(61 (31 95 4 77 57 39 68 9 9 13))
(5 (11 39 28 83))
(80 (99 2 77 56 43 5 72))
(88 (91 45 21 26))
(79 (35))
(64 (38 45 15 67 37 61))
(28 (7 81 79 45 10 2 10 30 80))
(62 (67))
(71 (29 77 93 55 78))
(58 (7 59))
(42 (13 91 55))
(5 (80 84 21 88 52 1))
(10 (78 16))
(45 (20 35 10 17 69))
(45 (96 40 99 23 50 15 9 30 35 95))
(86 (42 78 26 47 27))
(6 (16 36 16 90))
(39 (75 76 91 9 93 78 58 99 54 34))
(36 (38 29 94 25 53))
(85 (28 16 55 81))
(83 (52))
(74 (45 49 54 92 9 59 85 89 98))
(82 (45 54 39 82 45 14 22 32 61 55))
(88 (6 29))
(2 (83 77 58 51 72 81 5 77 71 63))
(12 (92 76 61 28 73 22 88 24 59))
(70 (45 12 54 69 9))
(99 (43 27 41 41 55 65 14 48 50 90))
(3 (9 99 24 23 49 87 82 79 53 56))
(83 (37 80 56 32 11 68))
(2 (38 67 60))
(6 (12 53 25 14))
(65 (91 17 46 89 72 6 3))
(77 (97 29 68 90 81 17 91 72))
(44 (61 1 19 33 67 4 62 97 90 57))
(24 (10 16))
(37 (23 50))
(36 (14 13))
(2 (79 56))
(12 (22 49))
(94 (11 86 85 37 97 91))
(87 (4 28 20 66 8 48 32 42))
(5 (64 70 82 93 2 42 24 8 12 36))
(57 (34 81 42))
(36 (89 37))
(28 (16 41))
(34 (66 49 46 75 20 30 18 51))
(16 (5 67))
(94 (8 2 18 84 3 72 92 37 31 98))
(60 (64 76 31 0))
(63 (43 93 76 77))
(62 (60 60))
(21 (48 78 7 10 87 35 94 62 21 14))
(100 (97 11 96 71 5 98 9 76 35))
(41 (18 81 11 29 71 86 29))
(31 (95 17 43))
(35 (71 73 45 44 92 7 99 57 62))
(55 (77 68 5 57 84 60 52 77 76 96))
(31 (45 70 53 22 92 92 8 86 60 55))
(9 (67))
(70 (40 45 5 16 7))
(34 (54 57 21 61))
(33 (47 68))
(44 (29 93 46 51 85 38))
(99 (30 8 44 11 16))
(25 (64 6 51 76 36 54))
(14 (5 10 8 85 58 23 24))
(48 (72 75 23 85 52 81 1))
(92 (75 70 2 41 54 25 21 52 93))
(67 (32 2 79 74 39 24 17))
(94 (69 51 82 30 7 47 82 60))
(88 (43 6 8 52 96))
(66 (29 84 5 88 5))
(48 (76 60 39 91))
(42 (52 47 38))
(84 (16 41 4 80))
(69 (1 61 43 83 43 6 43 25))
(86 (62 64 56 50 22 9 46 42 59))
(75 (43 70 71))
(57 (2))
(30 (61 40 84 84 75 59))
(16 (87 11 72 74 48))
(14 (3 29 6 32 64 35 34 5 30 46))
(66 (38 41 78 51 47 8))
(19 (78 94 53 0 21))
(44 (16 47 30 84 18))
(82 (15 90 78 61 56 45 49))
(32 (32 95 74 1))
(38 (25 42 80 31 61 94))
(16 (3 75 6 27 27 81))
(2 (94 69))
(3 (94 21 87 70 70 72 24 13 86 94))
(77 (18))
(66 (91 88 77 11 55 21 98 0 30))
(44 (16 68 50 19 78 89 71 91 36 20))
(84 (17 87 23 71 84 15 96 61))
(47 (70 95))
(88 (10 47 44 34))
(100 (20 41 58 80 39 97 81 88 6 12))
(62 (84))
(86 (99 80 95 76))
(8 (38 10 65 97 78))
(70 (88))
(1 (0 92 42 78 63 60 62 45 82 90))
(42 (59))
(81 (1 82 36 7 42 22 8 84))
(64 (28 47 7 45 90))
(84 (58 15 98 90))
(39 (51 21 24 3 3 60 53 19 77 82))
(71 (9 10 18))
(16 (89 12 18 97 69 89))
(42 (10))
(82 (43 48))
(95 (39 11 16 33 84))
(72 (86))
(11 (79 68))
(4 (53 7 17 26))
(91 (70))
(88 (34 49 40 36 10 8))
(41 (68 61 80 65 53 38))
(66 (49 99 35 5 97 11 86 69))
(93 (97 40 59 35))
(17 (95 13 75))
(62 (43 80 80 51 32 79 14 25 15 55))
(55 (92 89 71 95 36 86 95 65 15 26))
(56 (73 18))
(59 (5 99 65))
(19 (64 96 21))
(100 (33 88 54 37 56 25 51 95 81))
(43 (75 72 91 90 21 21 33))
(90 (74 42 91 45 37 85 55 30 54 91))
(53 (16 67 77 8 16 12 14))
(86 (97 15 29 26 74))
(52 (20 5 46 31 43 73 70 93 64))
(12 (3 52 6 71))
(49 (42 49 9 79 87 29 26))
(92 (97 4 76 34 36 87 59 59 35))
(53 (29 13 52 62 19 82 45 89 96 51))
(42 (52 47 84 24))
(55 (49 42 32 62 78 81))
(4 (77 18 69 84 76 69 15 46 70))
(71 (89 12 73 60 11 53 25 55))
(20 (60 30 69 49))
(4 (96 96 96 4 65 57 73 96 2))
(5 (92 94 8 98 10 56))
(40 (71))
(58 (61 64 55 95 64 67 26 53 8 25))
(30 (51 43 68 46 45))
(68 (32 67 39 37 71 10 42 46))
(61 (3 91 8 77 46 16 93 32 85))
(84 (70 85 95 32 26 11 2 49 75))
(82 (90 66 93 81 54 76))
(42 (25 10 10 39 9))
(23 (73 79 97 50 80))
(49 (81 92 85 11 50 74))
(28 (94 4 39 71 44))
(92 (51 79))
(64 (77 81 8 43))
(8 (92 84 4 34 70 21 94))
(48 (9 27 67 14 41 82 20))
(41 (29 36 66 90 49 50 7 64))
(56 (91 29 66 12 2 63 41 16))
(54 (17 4 83 97 87 15 54 26 76))
(91 (43 71 82 51 3 84 17 73 78))
(87 (23 81 70 6))
(56 (67 23 75 77 39 44 89 29))
(41 (17 53 98))
(92 (89 70 24 34 12 7))
(74 (15 37 64 65 56 1 23 15))
(23 (14 97 72))
(58 (39 70 94 84 59 23 27 4))
(9 (50))
(34 (87 71))
(52 (32 99 67 30 79 7))
(95 (37 2 84 58 5 92 48 24 18 58))
(49 (67 35 1 55 5 75 23 47 54))
(28 (70 74 77 36 8 34 0 80 87 30))
(53 (97 47 57 51 57 4 47))
(67 (51 10 52 83 22))
(35 (74 66))
(3 (34 24 59 94 83 19 75 23 69 5))
(21 (97 9 11 16 78 4))
(72 (18 68 86 22 76))
(35 (94 78 44 69 77 69 1))
(56 (30))
(7 (93 48 59))
(62 (81 29 33 90 98 52 93))
(45 (74 20 17 6 29 55))
(42 (0 94 15 2))
(8 (34 59))
(96 (27 16 94 62 90 91 44))
(5 (70 6 49))
(45 (74 83 60 75 74 71 72 59))
(33 (97 37))
(48 (45 1 84))
(87 (64 0 98 17 30))
(46 (59 6 98 20 37 34))
(63 (79 82))
(6 (86))
(76 (13 65 54 55 57 39 68 16 49))
(4 (94 50 78 97 68 29 54 58 36 63))
(57 (69 51 47 83 49 49 19 72))
(88 (32 1 50 97 9 33))
(52 (84))
(2 (84 68 43 8 45 12 72))
(97 (71 75 36 64 54))
(67 (98 0 13 53 45 89 92 48))
(32 (34))
(36 (22 48 59 77 87 74))
(7 (96 63 43 83 5 41 78 55))
(73 (71 71 19 77 48 12 10 81))
(40 (65 43 12 74 6))
(48 (91 67 83 33 97 7 69 13))
(54 (15 78))
(75 (33 3 99 20 58 95 32 49))
(4 (11))
(95 (42 20))
(50 (26 79 98 88 36 65))
(75 (79 43 31 81 95 10 77 20))
(43 (51 30 77 4 61 11 2 21))
(2 (80 52 95))
(32 (89 98 45 56 37 58))
(69 (90 98 99 33 6 14 57 53 55 18))
(64 (41))
(18 (43 6 2 91 93))
(12 (33 11 24 8 98 55 16 40 16 34))
(17 (9 65 37 17))
(71 (85 10 77 90 67 68 6 75))
(25 (49 79 36 51 26 55))
(14 (52 2 61 95))
(56 (2))
(49 (25 53))
(5 (96 63 24 57 6 37 99 20 89 31))
(31 (36 96 99 68 66 77 40 91 11 31))
(56 (88 92 62 84 89 54 32 28 69 45))
(71 (8 65 90 83 98))
(56 (11 52 82 11 28 85 52 66 87 71))
(56 (72 49 11 47 76 64 49 44 48 8))
(49 (2 84 64 48 27 44))
(21 (86))
(36 (6))
(94 (7 37 79))
(32 (74 59 16 8 93 59 98 43 57 9))
(30 (58 37 50 2 49 75 69 6 23))
(98 (70 79 71 96 72 97 63 82 71))
(27 (26 94 83 29 31 48 82 34 2 48))
(1 (97 5 62))
(55 (54 81 9))
(23 (87 30 81 27 30 10 88 23 2))
(94 (81 43 4))
(6 (45 12 56 27))
(14 (59 94 4 80 87 46 11 29 7))
(29 (25 65 44 56 94 43 42 99 0 19))
(58 (72 79 54 54 76 31 70 93))
(3 (17 39 13 13 24 11 34 78 59))
(71 (9 58 85 3 55 98))
(40 (32 54 99 84 40 39 11 6 58))
(35 (61 64 86 16 53 17 27))
(31 (16 67 53 97 92 13 26 92))
(95 (14 99 88 31 89 23))
(53 (54 68 39))
(77 (82 47 8))
(58 (82 59 18 12))
(85 (43 61))
(80 (1 72 93 91 73 64 35 64 80 47))
(29 (4 61 15 17 80 93 70 55))
(43 (66 53 1 90))
(68 (67 17 21 82 19 46 6))
(7 (81 92 95 90 23 86 13 3))
(66 (1 49 17 65 7 42 23 70 45 9))
(2 (69 59 22 10 61))
(18 (45 74))
(34 (99))
(10 (18 68))
(60 (83 66 76 3 45 98 36 77))
(8 (7 76 56 40 95 52))
(76 (24 58 10))
(2 (47 31 43 80 39))
(64 (88 77 51 48))
(25 (35 99 20 16 0 81))
(59 (92 84 74 51 63 24 46 63))
(94 (39 89 53 14 62 78 8 46))
(32 (98 9 42 31 5 23 20 95 7))
(51 (56 26))
(27 (51))
(94 (89))
(7 (65 6 26 67 76 39 96))
(97 (2 92 70 39 90 46 37))
(50 (85 67 43 11 15 84 93))
(56 (29 94 77 44 69 89 68 84 6 50))
(95 (54 69 18 46 2 50 71 32 23 17))
(69 (57 83 39 60 2))
(25 (70 27 79 83 18))
(53 (27 76 81 56 49 96))
(42 (26 96 11 27 25 4 56 73))
(81 (67 6 31 78 91 61 18 79 16 27))
(49 (22 44 69 20 93 52 52 64 85 62))
(48 (12 31 23 57))
(23 (36 21 73 71 14 57 93))
(53 (16 66 42 95 3 97 8 86))
(81 (27 74 13))
(46 (66 53 29 80))
(63 (6 22 63 11 77 62))
(17 (42 56 60))
(61 (20 54 91 81 21))
(83 (54 75 3 95 47 15 31))
(50 (40 96 68 88 90))
(27 (42))
(13 (99 19))
(18 (73 49 4 74 75 0 25))
(50 (61 73))
(57 (13 66 35 13 13))
(87 (57 39 2 63 25 39 75))
(72 (76 47 23 29 45))
(71 (67 53))
(60 (97 36 37 92))
(63 (59 6 69 67 40))
(4 (42))
(82 (23 32 23 39))
(20 (28 70 72 73 90 94 93 62))
(13 (21))
(84 (48 57 42))
(27 (87 7 51 97 5 4 38 26))
(85 (18 57 8 61 98 66))
(38 (26 66 71 89 67 76 28 67 5))
(14 (66 48 21 33 22 91))
(21 (44))
(88 (20 74 17 87 13))
(66 (33 1))
(96 (94 98 79 18 87 73))
(58 (50 71 2 62 81 52))
(81 (35 43 59 70 7 23))
(38 (97 67 20 25 48 27 75 31 92))
(60 (87 60 18))
(55 (9 31))
(32 (19 95))
(7 (15 13 91))
(19 (84 75 8 26 37 4))
(82 (5 80 64 11 78 85))
(23 (1 19 3 54 4))
(87 (19 48 49 39 8 43))
(28 (97 9 96 41 85))
(62 (59))
(87 (83 25 81 77 22 38 83 43 51 62))
(58 (39 50 56 9 3 72 93 80 85 74))
(75 (82))
(48 (86 74 96 84))
(38 (92 35 96))
(54 (74))
(72 (12 1 66 4 96))
(52 (69 29 17 55))
(37 (88))
(90 (63 58 49 16 31 12 95 6))
(45 (21 37 40))
(1 (44 25 79 43 8 88 2 6 71))
(44 (89 82 99 53 26 0 21 83 22))
(49 (34))
(33 (10 30 11 47 97 66 56 54 18 33))
(72 (39 8))
(21 (38))
(3 (11 40 28 74 1 45 36 24 45))
(92 (70 23 31 60 16 82))
(26 (37 89 30 46 83 57 19 64))
(14 (57 65 19 10 28))
(60 (30 28 35 86 44 35 62 83 66))
(12 (76 42 21 65 95 21 32 9 34))
(27 (5 66 44 73 89 60))
(2 (39 81 14 81 18 45 81 23 8))
(94 (20 51))
(63 (14 75))
(78 (28 82 48 78 10 74 15 13 16))
(44 (90 55 23 31 60))
(53 (96 17 9 58 44))
(89 (19 95 92 58))
(49 (63 46 64 44 28 47 58 22))
(61 (37 9 62 92 64 92 74 24 46))
(7 (33 7 82 42 62 15 14 42))
(50 (53 79 3 62 36 77 79 63))
(37 (37 7 91 81 36 15 45 49 42))
(100 (80 50 81 33))
(21 (68 95 48 42 56 96 7 13 90 46))
(55 (86 96))
(95 (52))
(93 (95 4 29 44 35 55))
(15 (43 22 92 57 17 67 46 43 94))
(22 (39 38 35 50 16))
(57 (24 91 10 26 41 49 24 63 9))
(69 (97 39 40 46 88 24 98 84))
(29 (53 13 72 32 45 40))
(49 (97 75))
(58 (17 45 21 12 25 81 88 73 60 21))
(4 (70 47))
(32 (79 66 34 51))
(8 (24))
(54 (58 74 23 40 91 44 88 59 72))
(83 (10 62 22 83))
(60 (89 18))
(19 (61 64 58 46 35))
(44 (61))
(65 (51 60 58 62 35 7 42 47 57 12))
(72 (20 30 99 52 58 45 62))
(52 (94 5))
(100 (57 75 25 90))
(14 (52 69 45 84 8 93 1))
(99 (54))
(88 (61))
(96 (63 75 92 85 94 36))
(83 (52 94))
(71 (90 70 46 87 36 3 84 64 31 47))
(46 (18 79 92 36 26))
(42 (26 14 22 36))
(63 (4 53 9 15))
(59 (85))
(77 (83 43 70))
(73 (52 11 98 86 46))
(49 (54 33 85))
(52 (96 2 36 88 69 66))
(97 (91 55 76))
(100 (28 91 40 96))
(26 (56 19 43 14 28))
(35 (86 69 18 8 79))
(3 (27 91 54 79 68 95 23))
(4 (21 51 15 45 28 44 43))
(85 (77 32 43 63 45 98 8 98 56 94))
(59 (40 3))
(50 (81))
(75 (10))
(4 (85 74 44 79 99 83 35 31 85 2))
(82 (50 39 34 31 11 45 20 14))
(41 (76 62 15 22 18 29 28))
(93 (48))
(24 (7 5 5 50 65 98 37))
(61 (57 43 28 87))
(75 (47 5 19 99 76 64 97 53 5 21))
(6 (7))
(51 (58 37 43 52 93))
(1 (89 12 33 35 88 42 25 93 84 6))
(41 (49 49 10 38 97 85 66))
(5 (35 87 12 7 95 23 38))
(45 (63 26 88 34 5 38 80 0 99))
(11 (1 97))
(79 (98 33 92 93 35))
(46 (47 63 26 39 93 47))
(53 (0 90 71 4 46 74 16 88 74 43))
(27 (26 88 22 8 55))
(10 (3 97 71 89 18 95))
(43 (44))
(41 (52 21 40 25 92 67 83))
(29 (83 53))
(99 (50 22 94 12 89))
(41 (40))
(7 (90 91 5 75 25 36 89 0))
(84 (34 18 4 43 17 99 7 24 29))
(92 (31 55 98))
(29 (65 86 82 46 90))
(82 (79 5 68 92 35 7))
(99 (30 74 42 33 55 54 89 99 62 77))
(9 (64))
(33 (80 24 66 84 97 93))
(53 (12 38 93 18 23 81 76 11))
(81 (95 98))
(50 (10 94 98 6 74 91 12 64))
(90 (12 60 65))
(73 (8 19))
(3 (19 41 44 86 51 97 48 2))
(93 (0 95 26 39))
(53 (11 51 21))
(20 (57 26))
(94 (57 59 35 17 28 14 85 81))
(27 (74 98 81 31 23 31 16 91 98 59))
(26 (15 36 13))
(100 (0 89 50 81 37 21))
(89 (86 98 76 86 9 45 36))
(33 (73 92 28 77 73))
(23 (28 41 85 80 23 10))
(27 (86 3 69 17 96 4 96 37))
(86 (97 26 11 43 84 90 23 58 35))
(47 (56))
(22 (16 86 4 61 35 27 26 83 43 50))
(40 (77 25 36 83 42 18 44 31 21 5))
(51 (75 79 47 53))
(9 (4 84 6 13 50 86 1 20 69 7))
(38 (60 3 30 22 18 20 38))
(11 (54 81 38 53 88 76))
(100 (29 52 51 18 51))
(36 (81 28 88))
(85 (35 32 51 87))
(64 (25 79 33 83 13 78 69 77))
(31 (97 86 99 98 45))
(23 (88 84 86 32 42))
(86 (52 41 37 17))
(22 (35 11 92 94 73 97 38 48 68 50))
(64 (1))
(54 (3 61 50 88 58))
(41 (69 46 45 43 40 2 18 60 72 52))
(54 (0 11 26 36 22))
(80 (54 19 27 39 64 53 95 21 13))
(49 (4 42 65 3))
(61 (5 59 33 97 32 75))
(36 (29))
(54 (90 31 82 56 4))
(64 (83 96 58 45 91 12 64 19))
(21 (83 13 69 6 3))
(96 (86 5))
(13 (14 4))
(13 (88 56 73 91 82 19 44))
(49 (92 11 4 36 92 25 53 56))
(25 (91))
(75 (22 74 80 57 53 21 31 72 78))
(66 (80))
(84 (23 36 98))
(99 (70 34 42))
(21 (44 80 65))
(84 (78 13 63 47 7 31 53))
(17 (35))
(70 (11 8 35 70))
(78 (65 47 28 72 44 38 9 81 81 69))
(45 (51 44 80 0 36 52 32 51))
(96 (47 79 2 77 33 89))
(54 (12 58 59 52))
(74 (82))
(40 (90 74 79 70 50 21))
(18 (8 32 40 14))
(53 (69 51 21 94))
(30 (89 5 33))
(4 (28 34))
(71 (19 98 17 39 88 58 63 18 20))
(72 (76 29 43 71 59 1))
(40 (86 37))
(53 (10 35 63 56 40 67 16))
(10 (5 95 20 31 65 35 54 41))
(80 (15 6 48 42 27 19 89 15 95 19))
(75 (60 5 37 69 42 56 45 30 28 61))
(24 (28 40 51 42 16 5))
(64 (86 44 74 10 62 16))
(8 (96 45))
(51 (6 91 67 18 67 77 74 40 63 3))
(56 (87 85 93 5 91 79 32 25 52))
(75 (95 73 45 71 66 60 77 10 21))
(28 (14))
(78 (46 67 59 13 5 31 79 60 70))
(51 (86 22 34 11 45))
(75 (16 60 60 50 68 71 97 20 96 10))
(40 (93 56 11))
(61 (32 98 36 51 65 82))
(70 (74 59 74 86 7 95 97))
(26 (24 20 63 18 80))
(89 (85 18 28 1 65 52 81))
(14 (32 78))
(20 (91))
(88 (15 10 84 57 36))
(76 (59 48 62 34 58 62 52 2))
(90 (14 63 24 10))
(1 (49 63 30 0 73 5 24 83 57 1))
(17 (88 14))
(3 (87 35 98 86 85))
(9 (61 57 71 48 39 37 92))
(21 (61 58 15 15 20 46 11 5))
(69 (70 94 50 3 86))
(1 (25 5 35))
(69 (84 44 25 17 34 31 38))
(29 (30 18))
(16 (22 64))
(85 (56 91 21 63 22))
(69 (33 15))
(49 (26))
(58 (27 58 83 41 78 74 92 44))
(8 (61 33 19 13 49 58 47 7 48))
(5 (58 16 25 32))
(41 (13 77 55))
(56 (1))
(21 (35 81 70 80))
(61 (22 30 35 65 44))
(85 (1))
(25 (64 58 33 47 7 17 33 52 39 32))
(58 (28 42 34))
(39 (26 86 66 55))
(54 (46 22 0 12 99 5 39 29 20))
(43 (58 72 1 43 2 62 29 63 73 49))
(41 (82 3 42 7 95))
(43 (28 44 83 68 83 22 23 86 78 7))
(79 (37 69 71 40 37 62 38 23 23 42))
(13 (42 16 23 63 80 26 21))
(55 (99 94))
(20 (0 15 25))
(9 (4 71 27))
(13 (5 8))
(8 (5 63))
(60 (54 98 30 35 64 35 2 8))
(36 (25))
(18 (62 48 34 40 23 35 28 66 97 96))
(68 (56))
(71 (51 37 32 32 52 56 0 86 77))
(94 (81 36))
(74 (73 69 94 45 17 1 78 48))
(40 (49 61 93 82 86 15))
(17 (44 67 59 90))
(15 (57 82 74 41 59 56 60 56 31 12))
(64 (68 20 5 78 63))
(48 (38 35 0 86 17 2 22))
(32 (81 70 63 35 18 90 81 49))
(54 (7 17 43 66 9 24 98 14))
(56 (71 98 36 59 9 1))
(47 (11 10 52 75 77 0 27 26 90))
(20 (29 15 11))
(64 (64 85 79 87))
(100 (93 63 41 9 72))
(26 (64 30 48 53 92))
(64 (75 42 0 80 55 20 76 60))
(49 (9 43 39 23 86 19))
(44 (39))
(93 (58 37))
(53 (50 33 53 66 3))
(33 (58 82 1 70 92))
(91 (10 39 3 83))
(14 (49 37 78 10 78))
(41 (64 43 40 43 59 47 8))
(81 (50 92 56 53 16 35 86 95 57))
(23 (73 14 77 99 89 14))
(45 (12 81 0))
(73 (20 55 81 90 59 88 96 98))
(74 (71 30 69 48 52 77 76 24 37))
(16 (11 72 70 49 26 43 97 37 8))
(38 (22 19 14 45 75 54 73 9 51))
(91 (23 25 58 35 31))
(45 (17 79))
(80 (72 85 54 9 31 74 4))
(48 (45 64 0 68 56 66 22 69))
(87 (83 70 37 42 84))
(22 (91 33 2 85 87 50 68 37))
(30 (93 47 7))
(64 (38 80))
(12 (89 39 94 22 63 71 32))
(13 (19 99 9 16 38 73 91 83 41 5))
(77 (13 66 90 72 41 88 30 66))
(19 (44 99 10 22 22))
(19 (11 27 3 80 45 87 82 6 0))
(76 (82 61 19 64 3))
(50 (29 82 40 89 10 67 9 50))
(23 (12 11 9 39 98 3 24 45 31 91))
(59 (17 28 7 17 79 18))
(53 (13 10 61 5 95 99 81 11))
(38 (13 49 73 44 49))
(82 (19 39 49 70 18))
(89 (22 79 48))
(24 (91 94 45 11 34 66))
(27 (67 15 92 38))
(80 (71 73 81 17 76 99 73 18))
(60 (16 3))
(21 (60 39))
(29 (62 61 9 83 42 40))
(29 (61 42 52 45 47 14 83))
(21 (45 86 52 53 59 51 97))
(38 (78 15 62 79 16))
(69 (92 35 86 4 91))
(87 (61))
(36 (41 13 26 13 81 50 41 44))
(67 (48 93 7))
(8 (20 19 57 34 53 65 75))
(4 (36 78 21))
(30 (68 10 66))
(55 (99 95 97 73 99 54))
(83 (99 73 15 26))
(51 (41 21 51 64))
(78 (35 88 56 31 2))
(77 (55 64 92 75 25 72))
(41 (40 2 44 61 42 66 40 58))
(39 (20))
(42 (93 74 83 41 81))
(46 (76))
(59 (71 44))
(94 (88 99 97 81))
(100 (63 90))
(27 (61 33 11 3 38))
(79 (55 34))
(72 (97 47 25 66 71))
(74 (2 48 64 6))
(27 (60 79 46 31 59 75 10 16 56))
(80 (27 67 81 24))
(4 (4 77 77 83 71 15 95 24 83))
(71 (89))
(20 (25 16 84))
(55 (6 62 87 0 24 14 79 64 97 91))
(22 (16 82 78 94 74))
(92 (96 46 18 22 66 12))
(93 (74))
(35 (81 76))
(16 (31 12 53 24 27 87 39 22 72))
(32 (26 2 87))
(54 (40))
(23 (36 62 42 66))
(84 (40 84 13 31 51 24 4))
(4 (31 72 3 39 0))
(35 (37 60 64 3 59 60 74))
(31 (71))
(95 (0 12 2 98 69 70 74 56 15))
(51 (38 25 12 5 30 21 9 74 67))
(5 (0 80 68 72 9 97))
(1 (45 21 49 50 33 45 4))
(94 (51 73))
(81 (58 62))
(5 (43 64))
(100 (35 81 63 27 29 78 6 51))
(18 (21 3 26 22 63 86 50 94 79))
(44 (55 35 6 78 28 35 80))
(98 (61 77))
(28 (94 51 66 96 5 75 29 2 11 52))
(29 (41 30 55 56 45 11))
(6 (65 94 39 75 72 60 7))
(30 (71 97 82 34 84 11 66))
(38 (46 35 57 23 74 78 96 96 72 39))
(88 (34 57 48 12 55 89 33 30))
(71 (90 80 88 46 85 34 95 31 37 38))
(93 (61 85 74 84 92 23 77 0))
(32 (88 86 95 45 98 13))
(98 (92 78 78 53 41 19))
(86 (65 81 58 71 46 35 72 69))
(17 (84 72 1 45 38 76 93))
(98 (50 98 55 98 43 34 40 45))
(11 (33))
(28 (1 51 59 94 88 13 45 8 33 87))
(28 (11 77 16 32 53))
(85 (88 33 98 44))
(56 (62 61))
(67 (96 65 47 66 29 34 66 19))
(10 (40 23 36 42 12 28 60 7))
(67 (43))
(71 (29 42 43 61 98 20 39))
(49 (62 94 39 16 63))
(13 (69 92 49 22 33 63 31 0))
(59 (13 50 86))
(59 (88 40 2 94 18 3 49 15 0 22))
(11 (37 54))
(13 (52 17 45 8 26 59 84 4 71))
(24 (80 99 76))
(60 (45))
(15 (14 80 36 89))
(82 (72 11 10 52 3 34 70 97 95 49))
(38 (79 22 83 44 7 35 96 74))
(23 (64 72 25 9 63 33 66))
(64 (51 5 39))
(15 (92 15 38 94 34 45 43 46))
(15 (67 2 17 7 21 70 45))
(18 (32 38 42 51))
(61 (88 47 33 80 25))
(22 (49 34 57 48))
(61 (55 57 28 7 21))
(61 (64 98 8))
(95 (83 2 2 61 72))
(19 (50 57 59 76 28 3))
(1 (87 56 71 74 96 93 78 2 73))
(75 (76 37))
(99 (13))
(91 (26))
(84 (33 12 45 79))
(79 (45 62 63 97 83 75 92))
(33 (73 43 96 74 32 18 81))
(37 (29 11 16 15 16 88 48 75 42 0))
(41 (62 63 56 60 34 95 90))
(75 (45 67 80 53 60 45 71))
(71 (91 54 14 27 5))
(10 (23))
(85 (52 91 64 90 46 0 64))
(56 (64 85 2 27 66))
(65 (43 26))
(83 (56 18 0 96 97))
(6 (21))
(68 (33 34 47 97 28 57 14 26))
(16 (3 62 67 77))
(84 (43 49 74 29 70 32 57 84 92))
(50 (69 4 26 27 81 86 68))
(79 (65 23 62 60))
(45 (16 3 22 63 67 86 70 52))
(90 (20 52 72 30 69 74 53))
(55 (57 92))
(53 (42))
(31 (21 76 94 18 22 45 16 99 44))
(62 (75 1 56 88 90 36 3 86))
(14 (77 67 80 73 1 68 15 37))
(77 (71 32 47 80 6 63 11 12 16))
(63 (1 60 31 67 13 90 7 10 18))
(93 (85 73 20 53 70))
(42 (77 57 79 60))
(63 (32 62 12))
(91 (72))
(92 (58 50 64 9 76 1))
(53 (7 47 96 54))
(54 (87 29 5 78 43 56 39 30 73))
(22 (96))
(67 (8 64 93 68 97 65 95 0 93))
(20 (88 25 62 39 80 85 67 21 34 68))
(27 (84 11 14 29 92 27 11 19))
(17 (6))
(55 (20 6 81 17 60 97 73 57))
(89 (85 87 85 60 73 55 81 5 23 32))
(90 (87 60 66 34))
(71 (88 25))
(61 (94 9 77 98 72 81 23 22 95 53))
(10 (50 44 83))
(86 (7 95 15 86 91 11))
(1 (20 58))
(17 (26 9 87 40 30 61 27 41))
(42 (47 61 74 76 62 49 50))
(27 (9 29 8 66 55 99 67 49 89))
(80 (99 69 55 8 40 89 93 73 35))
(22 (43 49 89 72 16 91 49 23 80 92))
(10 (70 19 13 10 45 8))
(18 (67 9 29 69))
(96 (72 13 47 85 68 30))
(1 (83 65 90 1 91 67))
(90 (92 44))
(98 (84 34 17 72))
(28 (9 81))
(15 (9 49 0))
(26 (16 88 97 35 77 2 67 66 99 56))
(69 (58 92 14 25 86))
(77 (14 56))
(42 (88))
(71 (29 64 11 7 79 6 44 96 87))
(83 (63 76 52 9 21))
(85 (95 87 30 62))
(11 (23 4 39 75 79 25 92 81))
(84 (46 62 86 30 27 72 39))
(1 (11 25))
(54 (85 88))
(76 (54 18 30 9 15))
(73 (43 3 20))
(88 (99))
(99 (5))
(11 (27 33 95 30 38))
(84 (87 66))
(60 (91 15 5))
(18 (8 12 48 94 63 93 16 94 28 51))
(84 (15 73 19 96 75 94 5 87 87))
(50 (50 35 93 16 28))
(75 (44 95 98 25 92 81))
(92 (33 9 68 68))
(80 (22 45 65 11 75))
(40 (98 15 30 50 77 14 44 73 34 2))
(85 (28 56 57 2 90 53 44 49 22))
(50 (98 35 51 22))
(21 (56 67 98 65 19 24 12 40 41 58))
(83 (77 53 59 97))
(11 (32 80 94 1 18 98 70 40 97 97))
(58 (55 22))
(64 (56 41))
(95 (35 60 59 13 0))
(31 (14 8 85 53 95 29 82))
(78 (85 87 18 88 90 78 22 98))
(3 (18 63 37 38 8 86 61 84))
(9 (47 44 16 22 71 40 69 51))
(6 (17))
(47 (6 27 31 6 55 28 63 65 86 10))
(81 (27 34 39 48))
(52 (97 90 58 62 17))
(59 (76 9 72 93 96 82 88 1))
(16 (52 25 77 41 77 43 44 70 85 41))
(17 (95))
(83 (90 11 94 63 36 21))
(29 (61 97 97))
(6 (77 42 37))
(18 (10 87 96))
(31 (94 53 80 32 84 5))
(100 (32 42 81))
(59 (94 60))
(49 (4 40 69))
(18 (60 8 30 17))
(58 (76 21 75 85))
(39 (30 10 5 37 58 90))
(2 (15 37 9 30 69 0 97 52))
(69 (79 14 42 77 93 32 4 27))
(66 (78 5))
(13 (33))
(2 (57 53 33 18 62 44 82))
(31 (41 99 3 64))
(77 (96 18))
(23 (66 56 96 71 29 58 23 66 74))
(99 (58 30 7 84 40))
(40 (8 25))
(64 (42 93 56 98 59 22))
(97 (33 8 27 81 42 53))
(19 (11 2 31))
(9 (69 24 44 4 0 68 96))
(40 (66 18 21))
(92 (8 20 98 11 89 44))
(22 (22 44 29))
(6 (27 81 38 37))
(81 (21 29))
(62 (97 33 45 97 70 80 58 9 4 2))
(71 (51 55 57 84 29 79 26 37 79 28))
(45 (88 93 55 9 15))
(93 (81 49 49 31 35))
(48 (42 36 23 33 82 83 64))
(80 (55 25 93 5))
(99 (89 42 54 73 77 63 83 96 84 25))
(19 (27 10 9))
(29 (77 25 48 30 78))
(18 (30))
(85 (36 21 82 15 13))
(29 (75 98 83 22 8 23 30 60 79))
(69 (19 8))
(34 (95 87 3 0 91 94))
(40 (15 10 81 52 4 82 13 70 97 29))
(96 (95 68 7 42 10 91))
(22 (77 72 51 63 30 84 69 88 65 29))
(40 (22 43 50 98 80))
(72 (55 89 67 46))
(94 (73 27 85 81 79 62 1 96))
(65 (65 50 42 83 73 1 37))
(60 (3))
(44 (43 19 86))
(9 (21))
(99 (35 13 98 18 79 37 17))
(21 (81 7))
(38 (20 26))
(53 (64 96 6 45 10 40 40 77 31 29))
(79 (22 30 19 88 45))
(45 (78))
(74 (77 18 54 62 82 27))
(23 (67 6 66 3))
(87 (91 40 73 21 46 14 2 57 70 78))
(3 (46 92 82 12 56))
(7 (36 80 90 98 43 94 96 10 31 32))
(11 (84 66 51 76 18 70 20 63 72))
(54 (86 98 17))
(17 (40 0 91 71))
(23 (40 86 32 56 18 54 94 60 53))
(55 (12 38 44))
(95 (9 23 79 32))
(62 (63 18 44))
(19 (83 20 20 76))
(70 (70 98 18 52))
(49 (35))
(96 (80 4 69 62 94 43 64))
(61 (9 49 99 45 23 59 46 20 34 28))
(88 (64 94 88 0 92 78 0 91 47 4))
(27 (61 6 7 39))
(33 (26 49 77 94 61 94 23 81 67 29))
(55 (15 98 88 32 24 73 14))
(61 (53 56 46 88 88 28 22 92))
(34 (68 33 43 85 96))
(53 (96 77 53 39 2 2 97 31 83))
(18 (94 21 18 34 69 50 19 64 49 69))
(11 (37 62 89 92 88))
(16 (69 98 59 26 66 84 57 28 69))
(44 (88))
(54 (43 43 13 45 8 38 39 57))
(82 (13 12 56 70 92 43 85 46 99 30))
(42 (29 2 34))
(73 (16 96 85 4 26 10 60 85 55 23))
(85 (64 79))
(36 (55 96 38))
(2 (94 8 7 13 30 68))
(48 (8 20 27 60 70 29 81 50))
(84 (43 68 75 57 67 33 40))
(52 (55 84 51 30))
(60 (22 64 83 18 83 86 27 7 58 51))
(21 (1 38 27 80 5 20 1 93))
(1 (18 94 61 48 41))
(66 (77 52 17))
(21 (97 19 7 64 50 62 14 8))
(97 (39 20 29 94 60 12 34))
(98 (70 3 3 80 49 58 56 45))
(16 (42 29 13 20 77 81 17 8 1 57))
(58 (53 83 48 68 25 9 20 88))
(9 (59 78 91 16 51 10 46 89 11 23))
(90 (20 61 4 89 59 88))
(69 (89))
(21 (86 73 86 46 93 79 1))
(21 (60 63 90))
(38 (39 85))
(78 (44 0 10))
(14 (97 70 74 39 85 66 84))
(73 (91))
(22 (51 70 53 28 39 15 80 56))
(91 (49 57 43 2 94))
(9 (76 14))
(23 (84 40 44 9 41 19 4))
(56 (21 37 55 37 25 44 87 9))
(45 (61 81 76 83 66))
(10 (13 58 95 79 70 59 97 53))
(44 (69 39 44 31 33 98 84 96))
(15 (31 74 24 30 53 79))
(72 (67))
(36 (47 98 1 0 20 28 63 19 74 47))
(42 (68 63 91 64 30 45 14 79))
(89 (7 2 72 39 59 9 2 64 74 19))
(89 (97 93 61))
(85 (67 42))
(71 (64 21 12 7 59))
(6 (72 86 33 63 78 59))
(96 (37 45 33 52 98 60 36 81 96))
(25 (79 15 12 75 6 83 82 88 28 98))
(39 (27 44 1 29 71))
(89 (58 90 20 7 66))
(43 (99 14 90 10 7 52 28))
(71 (64 56))
(30 (2 40 47 6 94 93 84))
(82 (6 12))
(15 (24 34 31 10 82 76 79 1))
(76 (0 41 73 52))
(93 (1 77))
(64 (78 26 20 42 40 16 60))
(22 (63 46 77))
(61 (63 72 63))
(44 (85 84))
(57 (94 21 84 75))
(34 (4 87 1 98 50 74 75 8 82 16))
(43 (57 22 21 36 45 18 50 75 23))
(38 (17 99 27 80 4 28 89 21))
(77 (42 11 69 19 22 21 67))
(100 (32 61 59 51 72 37 53))
(71 (63 54 81 20))
(63 (6 82 55 7 58 21 67 94 14 48))
(87 (35 92 6 77 95 80 18 2 8 44))
(82 (83 90 75))
(86 (1 25 20 17 61 18 6 91 14))
(9 (33 36 90 57 33 20 92 33))
(82 (51 80 70 13))
(36 (30 76 97 44 20 42 10 5))
(37 (82 10 47 21 90 21))
(76 (27 24 23 82 92 54 31 55))
(46 (86 49 97 71 29 62 24))
(17 (9 50 60 61 3 72 15 75))
(64 (40 76 11 36))
(96 (38 23 97 2 56 8))
(90 (14 38 88 37 8 78 70))
(50 (20 32 72 25))
(77 (10 8 67 79 38 49 78 39 32 29))
(95 (91 78 63))
(30 (30 84 18 28))
(29 (35 25))
(89 (75 71 97 79 48 52 29 85 22))
(23 (79 35 77))
(72 (52 82 2 10 49 52 35))
(70 (60 53 9 67 49 59))
(92 (66 72 93 6))
(51 (13 64 25 47 31 23 52 96 98))
(26 (59 68 33 4 93 78))
(88 (85 76 68 42 97 76 67))
(83 (52 90 0 14 6 71))
(24 (74 23 77 60 85))
(52 (24 35 48 53 8 95 44))
(90 (2 24 93 49 94 87))
(42 (19))
(23 (40 65 98 84 11 21 94 4))
(42 (73 85 99 41 79 13 88 90 9 39))
(32 (47 95 1 5))
(61 (23 6 37 33 28 61 14 60 87))
(78 (28 85 26 84 24 25 1 55 92 92))
(9 (47 82 60 79 17 5 8 96))
(45 (47 91 83 6 29 28 95 36))
(16 (16 32))
(74 (47 35 79))
(86 (54 7 13 65 27 33 77 95 95 68))
(82 (95 20 53 8 19 64 77))
(49 (92 51 25 39 94 60 17))
(52 (49))
(63 (67 83))
(38 (95))
(13 (7 92 2 96 4 94 81 4))
(99 (91 48 56 28 78 92))
(87 (56 4 97 26 12))
(92 (95 42 97 48 28 18 65))
(32 (16))
(27 (65 45 68 37 18 87 7 31 99))
(59 (51 49 85 32 29))
(7 (66 30 74 78))
(78 (55 46 64 96 99 21 79 17 39))
(31 (14 65 30))
(95 (41 62 17 67 66 10 98))
(37 (75 21 45))
(82 (70 60 70 23 18 1))
(25 (46 6 35))
(53 (63 4 34 7 94 5 20))
(55 (94 8 96 31 17))
(88 (54 35 8 33 15 8))
(31 (42 16 65 0 30 92 69 68 50))
(1 (1 57 19 52 9 67 62 76))
(22 (2 13 48 25))
(45 (77 64 2 32 84 88 69 61 87))
(67 (26 83 99))
(68 (12))
(53 (97 94 71 33 79 79 10 44 63))
(81 (19 18))
(76 (26 97 11 19 5 58 61 88))
(23 (43 18 99 89 18 68))
(56 (56 95 73 95 50 98))
(10 (26 58 85 45 35))
(38 (10 94 79 68 37 63))
(36 (29 90))
(48 (27 30 45 24 93 97 57))
(86 (65 80 94 54 18 93 80 21))
(21 (60 47))
(8 (73 10 69 65 74 78 66 98 35))
(30 (28 62 12 76 10))
(54 (69 56 33 74 7 26 67 30 86 17))
(89 (15 63 87))
(82 (43 27 17 54 30 51 13 72))
(9 (49))
(96 (85 81 70 35 21 81 20 98))
(57 (99 23 74))
(61 (23 99 62 13 94 6 83 32))
(41 (31 15 73 43 74 5 50 36 49 43))
(77 (11 32 69 96 77 57))
(41 (4 3 3 42 11 79 27 53))
(43 (17 95 70 24 0 44))
(2 (33))
(90 (88 9))
(49 (87 52 59 6 99))
(73 (28 63 23 41))
(69 (69 35 66))
(77 (19 46 28 8 10 27 57 30 71))
(78 (2 33 89 69 49 7 63))
(72 (80 91 4 9 64 0 51))
(96 (72 19 21 99 70))
(70 (10 1 37))
(38 (13))
(34 (9 54 42 70 67))
(28 (12 82 73 86))
(74 (42 6 53 2 38 76))
(19 (65 35))
(97 (88 33 39))
(59 (8 71 33 75 44 45 22 83 38 27))
(97 (98))
(63 (14 73 52 53 27 92 90 84 11 43))
(77 (65 74))
(19 (29 20 4 7 76 54))
(53 (9 26 14 45 79 42))
(30 (2 93 81 88 41 5))
(73 (47 22 86 7 36 90 90 36))
(77 (95 24 76 26))
(64 (16 71 77))
(2 (83 52 46 14 7 48 6 9 9))
(28 (15 17 62))
(37 (98 34 63 83 95))
(55 (52 89 14))
(52 (82 38 9 38))
(10 (40 25 83 44 15))
(63 (59 9 77))
(84 (8))
(37 (54 47 6 89 40 51 60 13 0 23))
(30 (35 34 27 29 28 44 12 47))
(25 (79 90 83 88 29 21 29))
(42 (75 44 24 43 59 27 11 50 81 28))
(25 (90 71))
(79 (59 40))
(29 (44 35 54 81 40 17 54 68 21))
(46 (5 23 65 67 91 1 57 46 2))
(11 (35 70 38 17 65 5 60))
(94 (77 98 74 62 6 6 75 64 27))
(52 (32 82 41 67 72 17 59))
(13 (77 97 71 17 28 80 47 39))
(65 (86 80 12 16))
(61 (97 6 61 99 71 99))
(54 (80 32 8 44 55 84 43))
(12 (33 82 86 2 49 76 15 81 74 87))
(31 (28 82 61 3 63 83))
(83 (4 13 10 63 75))
(66 (78 45 46 86))
(99 (15))
(51 (16 85))
(61 (74 18))
(64 (31 0 68 18 67 23 3 17 26 55))
(1 (79 98 57 16 7 20 66))
(89 (83 56 24 76 27 38 67))
(44 (77 90 20 99 5 30 91))
(51 (30 87 41 58 92 5 28 88 38))
(68 (21 15 0 68 28 27 9 37))
(9 (53 98 60 58 41))
(55 (43 38 51 95 8 79))
(54 (91 5 91 58 18 35 40 59 6))
(34 (0 72 8 27 42 69 60))
(39 (40 72))
(63 (41 45 20 75 9 55 77 86 83 12))
(70 (66 0 40 23 81 3 29 28 19))
(82 (62 85))
(31 (51 10 34 82 57))
(76 (10 6))
(45 (33 58 76 28 23 0 81 10 48))
(85 (57 72 39 36))
(21 (92 80 58 59 63 24))
(72 (6 74 9 58 11 43 40 39 4))
(55 (13 98))
(31 (25 92 56 60 96 54))
(92 (28 15 87 41 69 59 74 42 13 50))
(74 (22 85 27))
(16 (66 14 43 58 28 60 32))
(36 (64 12 90))
(98 (49 27 36 15 7 44 87 36 36 85))
(100 (27 96 71 8 74 30 48 98 71 16))
(100 (8 16 69 63 89 67 95))
(6 (36 22 53 76 43 21))
(83 (39 93 89 89 68 37 47 17))
(24 (63 87 43 90 18 57 31 96 32))
(51 (66 13 87 70 10 79 38 33 39 8))
(70 (14 1 90 3))
(32 (83 88 2 98 90 19 48 68 93))
(86 (62 53 5 41 44 92 27 36))
(8 (51 3 47 60 89))
(75 (53 19 59 98 88 93 76))
(19 (32 87 60 78))
(42 (19 15 98 33 17))
(54 (66 49 86 78 56 62 46))
(35 (98 29 23 21 57 2 45 25 83 7))
(74 (81 46 84 28 18 77 80 88))
(81 (18 60 76 39 26 5 89 48 73 23))
(25 (41))
(64 (20 72 52 94 60 82))
(72 (40 51))
(64 (50 59 7 65 28 75 66 76 28 63))
(75 (93 76 52 27 25 12 1))
(39 (51 24 94 95 49))
(73 (51 36))
(12 (72 8 11 67 21 58 39 42 60))
(42 (22 82 57 52))
(18 (87))
(19 (43 67 53 44 97 90 69))
(72 (64 31 33 28 90 85 80 56))
(28 (69 46 74 1 74 23 38 11 32 20))
(24 (69 72 63 0 63))
(86 (44 26 89 56 17))
(32 (99 89 29))
(70 (68))
(72 (55 94 0 27 4 65 94))
(25 (21 48 18))
(24 (87 61))
(70 (59 99 51 70 6 87 85 99))
(93 (8 2 43 98 62 0 1 38 55 31))
(100 (36 21 88 56 72 80 44))
(99 (17 46 9 63 32 75 59 52))
(92 (21 91 87 0 13 11 72 47))
(18 (40 25 34 48 42 80 7))
(15 (28 55 6 91 22 29))
(96 (72))
(91 (99 27 1 32))
(30 (57 26 21 30))
(7 (58 30 71 41 78 94))
(42 (51 30 1 36 83 89 66))
(52 (21 31 4 65 32 69))
(98 (74 99 14 88 92 50 0 89))
(16 (61 58 16 44))
(37 (89 45))
(88 (87 6 39 69 74 43 26 12 42 29))
(73 (71 59 25 73 0))
(91 (16))
(68 (4))
(62 (38 95))
(77 (60 87 81 80 74 96 3))
(19 (9 68 47 39 6 20 65))
(49 (92 36 96))
(76 (70 40 80 2 6))
(25 (52))
(20 (63 91 50))
(96 (96 29 9 3 0 28 97))
(30 (62 46 50 74 65 50 54 84))
(91 (93 1 75 77 12 39))
(38 (27 81))
(65 (86 49 76))
(64 (33 64 35 63))
(46 (68 40 58 84 60))
(73 (83 34 72 5))
(48 (15 81 29 49 71))
(45 (80 85 1 7 86 75))
(70 (91 64))
(17 (70 39 81 21 8 3 62 45))
(49 (87 12 30 70 59 69 4 24))
(12 (97 71 63 88 71 87 55 94))
(68 (41 46 39 32 66))
(20 (16 67 35 88 33 64 23 34 20))
(89 (16 22 71 29 68 1 63 8))
(81 (5 59 78 52 77 83 80 94 76))
(60 (50 81 26))
(66 (57 20 31 58 55 53))
(90 (21 36 47))
(80 (13 53 78 78))
(63 (0 91 43 0))
(70 (97))
(59 (28 47 38 9 27 58 86 30 86 88))
(18 (64 87 92 85 43 38 91 47 78 13))
(54 (22 26 48))
(95 (56))
(39 (94 94 6 19 7))
(70 (88 33))
(35 (59 90 80))
(98 (20 19 26 90 29 21 92 48 50))
(59 (40 38))
(88 (95 82 58 63 15 31 63 8))
(100 (59 5 64 42))
(86 (67 7 82 88))
(87 (79 76 66 88 58 16 23 69 30 42))
(34 (80 59))
(54 (36 44 35 70 84))
(86 (30 89 5))
(54 (93))
(27 (9 91 59 37))
(100 (65 32))
(55 (48 20 3 85 71 47))
(11 (14 56 9 53 3 14 77))
(4 (72 94 2 72))
(45 (58 10 7 42 15 58 82 96))
(48 (69 56))
(1 (28 40 80 62 21 52))
(43 (9 92 77))
(63 (47 54 49 78))
(40 (32 48))
(63 (57 31 7 94 98 71 64))
(58 (23 64 13))
(49 (10 23 39 86 96 77 54 5))
(25 (65 68 23 91 9 73))
(38 (54 79 77 21 90 80 47 40))
(31 (7 37 42))
(76 (95 82 9 73 81 60 18 60))
(84 (49 92 11 96 58 38 56 89))
(94 (14 53 11 43 32 54))
(92 (13 15 67 68 7 37))
(19 (73 34 55 46 73 91 11 63 58))
(100 (81 38 52 83 86 9))
(58 (28 46 49))
(97 (50 37 39 39 72 82 90 94 92 13))
(68 (29 84 62 89 61 20))
(58 (97 27 17 7))
(96 (36 10 55 79))
(37 (39 16 47 27 91 67 90))
(44 (26 0 54 33 20 81 98 27 27 36))
(30 (58 87 71 34 7 5))
(7 (41 75 55 48 95 65 19 33))
(37 (66 24 9 73 14 93 89 65))
(78 (22 76 19 92 12 41 18 45 21 38))
(78 (32 55 90))
(51 (44 42 34 73 98))
(89 (31 61 47 20))
(23 (56 83 53))
(31 (47 93 81 66 32 31))
(90 (92 38 6 62 90 6 58 47))
(41 (60 4 36 17 33 60 43 90 93))
(19 (72))
(86 (74 78 95 44 87 33 15 46))
(96 (69 48))
(68 (94 7))
(57 (1 49 93 72 70 14))
(17 (56 8 93 52 18 47 7))
(88 (78 11 77 34 90 82))
(78 (64))
(25 (92 19 83 53 73 14))
(79 (80 36 54 57 61 37 13 60 0 10))
(52 (48 33 48 29 68 9))
(13 (43 33 86 98))
(60 (2 97 92 98 24 93 76 72 35 12))
(76 (56 25))
(91 (90 34 94 40))
(25 (92))
(47 (37 11 56 74))
(65 (35 91 27 36 98 16 61 64 74))
(62 (82 28 83 90 82 96))
(36 (11 69 47 52 58 9))
(65 (9 2 80 87 85 34 51 9 45))
(28 (60 11))
(87 (78 85 90 37 60 79 11))
(62 (19 89 60 25))
(65 (11 14 2 25 19 97))
(33 (9 51 57 80 97 72 24 95 78))
(70 (98 56 68))
(29 (64))
(20 (30 80))
(5 (31 52 96))
(35 (90 76))
(58 (97 80 71 64 7 42))
(1 (88 97 15 23 9 87))
(9 (85 72 40 91 3 76 82 30 87))
(2 (38))
(72 (11))
(13 (24 66))
(54 (52 82 55 60 4 20))
(21 (48))
(83 (78 42 98 0 13))
(43 (32 92 91 38 10 54 40))
(83 (38 34 85 85 86 69 35))
(56 (51 2 85 76 66))
(71 (26 3 95))
(13 (63 34 22 72 54 65 13 48))
(52 (61 12 63 34 33 25 27 75 86 19))
(68 (98 75 46 66))
(93 (37 69))
(76 (62 57 97))
(58 (76 40 59 74 74))
(41 (1))
(3 (36 27 69 15 66 79 80 9 84 19))
(54 (72 21 8 96))
(43 (53 40 89 7 33))
(72 (14 51 79 37 2 62 90))
(14 (99 4 19))
(30 (66))
(11 (42 64 55 17))
(54 (42 22 61 11 96 28 2 96 86 38))
(77 (85 51 99 62 64 42 39 60 37 69))
(1 (69 82 71 17 23 22 92 18 23))
(57 (7 81 91 96 12 12 92 4 34))
(10 (60 49))
(84 (78))
(45 (73 97 8 37 51 94 32))
(30 (57 16 90 11 40))
(73 (46 95 35 96 75))
(89 (26 12 95 47 0 22 47))
(63 (62 80 15))
(21 (6 34 1 66 58 55 1 40 69))
(13 (19 60 15 92 56))
(36 (13 24 31 24 41))
(1 (1 48 2 32 20 2 59))
(23 (75 26 26 66 70))
(91 (20))
(91 (88 95 34))
(97 (53))
(57 (57 65 30 59 72 35 32 91 55))
(16 (27 34 54 97 0))
(12 (67 84))
(72 (79 48 97 3 30 97 83))
(60 (2 22 78 73))
(45 (82 42 14 70 47))
(40 (65 38 21 17 86 70 14 42))
(52 (42 16 13 50 84 90 72 76))
(70 (66))
(94 (75 13 66 80 39 71))
(49 (78 43 10 27 96 6))
(83 (7 76 48 86 41 72 97 82))
(37 (52))
(56 (80 54 57 59 25 8 75 50 81 79))
(20 (55 41 7 92 61 63 10))
(76 (14 24 18 75 45 88 24 45))
(32 (23 55))
(71 (79 90 85 40 6 97 51 97 12))
(95 (7 32))
(24 (7 9 83 40 24))
(33 (62 90 85 18 62 55 37 58 69))
(73 (1 32 97 23 70 96 58 11))
(63 (12 17 70 71 71 79 42))
(17 (92 33 72 96 70))
(98 (94 80 10 66))
(15 (87 28 0 12 70 29 74 72 70))
(85 (45 66 40 77 56 45 75))
(62 (58 95))
(33 (88))
(48 (54 19 37))
(18 (74 77 4))
(85 (63 99 58 85 88 14 92 37 66 15))
(58 (0))
(73 (90 74 57))
(37 (53 82 47 19 18 22 98 40))
(51 (11 6 78 10))
(48 (98 11 95 73))
(100 (96 67 13))
(33 (75 94 49 79))
(16 (78 6 92 16 31 35 16 99))
(13 (59 14))
(65 (98 20 3 12 21 75 62 95 29 93))
(23 (21 59 73 87 6 82 69))
(2 (87 41 28 41 28))
(87 (33 39))
(35 (18 61 75 44 20))
(38 (9 29 75 72 31))
(86 (63 2 4))
(33 (72 2))
(77 (77 5 78 1))
(11 (81 99 63 19 44 19 2 73))
(66 (94 14 98))
(87 (62))
(18 (77 67 39 12 89))
(3 (66 89 47))
(49 (25 18 21 12 66 59))
(70 (44 94 33 75 99 40 57 79))
(75 (91 33))
(37 (27 63 0 31 33 92 35))
(80 (74))
(68 (17 53 45 84 61 8 43))
(85 (11 77 69 57 80 88 39 10 60 68))
(32 (44 26 65 2))
(68 (48 66))
(68 (78 35 83 7))
(62 (41 63 37 77))
(30 (98 98 93 91 49 69 21 95 62 14))
(97 (36 46 63 37 21))
(16 (25))
(23 (50 89 69 56 0 82 81 27 45 40))
(3 (50 6 94 92 68 84 32 57 46 59))
(73 (56 23))
(83 (10))
(36 (66 36))
(9 (44 67 65 75 3 54 79 20 40))
(53 (71 20 92 61))
(51 (25 32 76 32 70 32 97 19))
(82 (62 16 37 18 84 99 76 72 44))
(17 (17 47 98))
(6 (1 18 44 58))
(8 (29 68))
(43 (31 91 69))
(13 (22 13))
(25 (50 82 12))
(66 (41 98 40 34 47))
(27 (63 60 79 25 83 76 34 90))
(58 (45))
(49 (4 38 34 67 57))
(67 (31 67 67 40 17 78 45 7 98))
(3 (51 80))
(4 (11 60 76 79))
(67 (55 64 4 79 25 30))
(40 (39 65 61 91 87 48 84 42))
(68 (62 47 78 84))
(59 (96 1 28 69 64))
(9 (77 49 23))
(25 (60))
(76 (67))
(94 (73 42 76 93 84 28 59 9 32 66))
(73 (87 59 61))
(27 (9 31 57 19 65 32))
(4 (99 70 43 70 12 34 66))
(94 (31 51 80 53 99 64 53))
(10 (27 68))
(34 (36 78 73 37 45 53 60 72))
(17 (40 6 51 20 94 77 61 66))
(37 (47))
(97 (66 34 2 35 60 32 7))
(96 (83 84))
(52 (65 15 27 87 8))
(100 (79 19 66 44 51 42))
(91 (48 15 76 21 47 77 46 20 2))
(61 (87))
(64 (49))
(52 (84 48))
(50 (7 13 92 73 35 26 52 96 7))
(20 (36 69 53))
(12 (40 69 83))
(69 (69 63 19 54 49 20 37 71 95 76))
(13 (54 51 28 7 61 64 61 35 99 14))
(44 (48 42 67 75 13 91 23 87))
(31 (10 30 49 17 60 10 13 91))
(47 (4 45 66 97 73 80))
(80 (69))
(9 (98 49 27))
(90 (6 67 1 87 25 65 93 16 99))
(21 (94))
(73 (87 83 42 30 85))
(63 (93 88 93 99 48 28))
(41 (22 25 61))
(1 (57))
(31 (50 94 44 20 7 43 90 49 52))
(9 (30 38 44))
(3 (48 40 15 60 66 71 61 79 12))
(71 (20 42 11 77 65 47))
(42 (77 9 63 81))
(48 (87 44 27 50 96 18 17 74 28 92))
(90 (10 39 8 64))
(69 (63 46 45 45 91 58 1))
(25 (52 53 37 74 55 86 63 8))
(58 (50 82 89 96 99 30 2 19 14))
(68 (94 58 56 18 18 41 8 83))
(5 (22 57 26 18 93))
(74 (12 21 63 77 73 79 53 97))
(97 (25 54))
(43 (43 1 33 3 63))
(90 (60 44 5 90 25 13 30))
(60 (79 81 22 69 9 3 90))
(11 (12 33 95 46 30 41 75))
(96 (72 77 68 82 95 49 99))
(47 (99 21 90 30 65 67 65))
(83 (21 41 33 21 87 48 35 42))
(47 (2 70 14 42 72 68 55))
(46 (63))
(82 (66 97 85 90 13 22))
(2 (23 11 73 58))
(14 (35 61 78))
(4 (28 67 27 51 66 72))
(65 (21 90 18 84 17 44 84 11))
(1 (23 64))
(73 (62 24 89 5 69 32 19 80))
(16 (66 27 44 70 86))
(73 (70 82 28 76 85))
(4 (29 81 72 45 45))
(16 (0 58 88 68 80 98 36 50))
(92 (33 17 23 1 22 27 77 26))
(24 (21 1 38))
(21 (8 46 63 78 81 29 95 60))
(62 (82 89 86))
(58 (3 37 27 78 78 3))
(11 (21 91 29))
(36 (3 2))
(80 (8 72 62 66 18 92 55 12 26))
(28 (25 82 54 61 39 27))
(58 (4 36 17 63 49 22 1))
(5 (41))
(22 (22 28 39 11 87 68 52 64))
(80 (18 85 72 89 82 32 30 19 51))
(50 (91 56 8))
(37 (18 70 60 61 77 85 22 42))
(96 (47 10 14))
(68 (97))
(18 (40 35 74 33 54 24 56 24 50))
(84 (38))
(38 (56))
(9 (57 42 26 94 95 87 37 48 71 94))
(76 (71 35 63 40 61))
(88 (84 77 49 74 63 91))
(77 (51 54 91 67 52 43 3 82))
(77 (84 51 90))
(23 (76 24 36 68 69 78 75 41))
(40 (53 26 53 13 83 2 65 79))
(43 (12 78 38 25 47))
(12 (15))
(97 (50 26 93 36 30 91 24 93 96 24))
(64 (39 10 34 17 56 67 71 61))
(88 (11 73 1 76 28 56 20 8 64 94))
(82 (79 95 86 79 64 10 1))
(83 (65))
(41 (50 17 54 79 74 79))
(86 (75 71 72 79 68 68))
(11 (99 82 97 8 80 49 2))
(96 (2 14 65 35 88))
(88 (85 83 25 54 37 27 5 39))
(4 (79 95 29 51 79 55 72))
(6 (31 86 99 90 69))
(1 (35 78 39 72 2 57 44 90 16))
(34 (46 71 12 83 29 15 4 4 0 28))
(36 (47 6 41 79 16 20))
(65 (16 5 64))
(89 (13 62 3 18 56 21 83 35 61))
(40 (94))
(66 (71 8 22 1 13 67 70))
(12 (49 5 62 59))
(45 (98 6 90 1 72))
(44 (16))
(12 (58 54 9 44 45))
(89 (23 67 82 37 34 71 71))
(85 (14 49 70 48 60 17 1 75 86))
(28 (72 77 2 50 35 13 40 92 2))
(83 (60 11 93 87 31 70 74 65))
(18 (69 53))
(62 (82 24 66 88 97 77))
(57 (33 50 32 19 43 4 33 89 26))
(49 (34 67 48 31 17 32 21 28))
(98 (66 85 91 80 32 21))
(68 (95 30 33 30 4 70))
(11 (39 1 86 98 14))
(14 (39 72 84 41 36 48 47 19 18))
(82 (81 30 43 94 84 91 87 28 26))
(51 (10 51 37 99 17 37))
(17 (15 2 64 28 79 25 13))
(21 (67))
(43 (92 74 61))
(60 (47 23 17 88 10 34))
(2 (71))
(60 (37 83 51 49 24 52 5))
(73 (84 68 87 84 77 74 14))
(68 (99 52 43 11 43 36))
(50 (26 14 49 12 84 23))
(78 (82 53 80 73 46 75 81))
(28 (66 52 81 41 82 88 75))
(66 (59))
(67 (17 92 85 51 11))
(25 (19 99 55 76 94 3))
(65 (71 44 42 66 42 81 93 37))
(21 (12))
(44 (95 4 58 64))
(4 (48 70))
(31 (10 49 31 36 43))
(28 (87 20 7 22))
(87 (31 35 18 43 42 43 35))
(100 (85 26 29 86 88 74 21 35))
(46 (16))
(10 (96 84))
(26 (36 67))
(34 (13 32 46 78 88 11))
(30 (52 48 21 24 25 16 63 76 61))
(38 (11 62 27 9 5 82))
(55 (1 68 3 38 30 22 63))
(27 (65 75 22 31 92 14 36 12 34))
(75 (95 62 78 65 76))
(94 (59 82))
(84 (71 19 65 5))
(4 (90 6 15))
(3 (18 36))
(86 (74))
(32 (98 26 27 8))
(81 (14 22))
(55 (62 40 49 33 54 89))
(35 (28 2 80 52))
(6 (61 58))
(71 (35 31 81 23 33 76 0))
(10 (23 41 80 41 83 32 65 41 80 97))
(45 (71 74 51 83 40 70))
(62 (29))
(57 (3))
(1 (53))
(98 (61 27 10 5 34 18 5 96 17))
(39 (69 53 45 55 67 73))
(5 (47 78 80 87 94 74 65 24 21 39))
(52 (69 11))
(8 (0 25 47 9))
(64 (2 88 24 57 50 86 71))
(24 (87 89 35))
(32 (72 79 60))
(27 (86 28 53 89 77 40))
(22 (79))
(14 (63 48 85 21 2 59 53 24 17))
(53 (65 13 64 62 76 78 11 70))
(51 (92))
(67 (34 18 57 73 14 62 79 65 64 93))
(44 (85 85 78))
(100 (47 54 93 3 35 20 26 55))
(55 (50 23 32 17 97))
(91 (60 75 48 62 15 48 14 49 51 64))
(11 (12 76))
(70 (27))
(22 (25))
(89 (87 71 18 40))
(82 (54 69 36))
(40 (54))
(98 (92 75 93 87 25 73 75 87 43 40))
(68 (85 2 83 62 4 36 35 46 66 84))
(60 (39 38 58 34 14 35 8 96 41))
(56 (17 61 19 97 78 61 10 48 37 8))
(81 (86 73 91 9 53 44 16 94 52))
(92 (37 55 54 17 46))
(82 (62 94 16 44 24 7 18 49 3))
(18 (78))
(17 (60 56 66 86 9))
(39 (95 6 7 18 88 72))
(88 (17 80 42 27 33 60 4 92 83 46))
(42 (99 12 62 41))
(40 (28 69 41))
(1 (44 60 22))
(48 (98 28 3 63 28 15 92 52 84 6))
(26 (4 3))
(20 (45 14 3 70 10 80 0 53))
(64 (0 20 12 32 39 29 69))
(95 (56 90 26))
(40 (59 81 66 2 56))
(78 (80 94 70 91 17 40 55 83 57 32))
(85 (2 85 13 45 67 76 2 53))
(75 (91 23 48 65 92 24 36))
(70 (24 72 87 76 85 18 41 77 7 86))
(7 (34))
(55 (34 32 5 41 1 66))
(25 (67 64))
(78 (73 27 29 61 12 7 68 26))
(51 (11 65 87 46 56 55 34 29 56))
(33 (20 24 99 77 48 96 73))
(87 (23 68 12))
(76 (95 70 90 16 86 45 24 30 83 63))
(35 (12 84))
(94 (82 55 98 50 37 7))
(31 (79 89 74 44 28 75))
(93 (42))
(63 (5 11 19 80 39 0 46 2 50 76))
(59 (43 4 93 56 86 42 46 49 74))
(3 (93 63 18 85 48 83 5))
(47 (7 39 6 41 81))
(67 (51 79 15 11 16 93 57 26))
(98 (35 70))
(61 (50 70 94))
(56 (92 86 19 25 58 51 67 96))
(55 (82 43 80 13 44 17))
(56 (34))
(51 (17 85 38 56 78 85))
(29 (60 47 20 5 23 89 69))
(100 (97 77 76))
(22 (59 7))
(77 (90 21 11))
(51 (2 77 3 13 7 68 83))
(17 (24 80 53))
(58 (2 6 86 28 44 89 17 53 15))
(80 (36 53 67 79 75 97 45))
(52 (47 5 66 49 55 44))
(28 (47 29))
(72 (65 56))
(73 (4 16 81 10))
(74 (73 73 22 19))
(2 (7 4 16 27 63))
(39 (37 29 52 84 7 63 3 80 58))
(93 (48 94 45))
(13 (70 51 48 63 56 64 94 3))
(98 (30 74 3 61 58 21 9 41 55 24))
(10 (8 91 10 7 97 49 68 7))
(87 (57 67 37 33 81 56 67 29))
(3 (95 25 52 15 15 18 73 28 32))
(70 (0 68 42 56 27))
(88 (97 61 76 12 99))
(9 (47 89 33 37 24 89 84))
(91 (42 14 4 29 7 81 0 47 51))
(31 (46 57 0 87 28 15 77 17 84))
(19 (35 80 17 31))
(49 (43 74 23 64 7))
(22 (33 10 4 8))
(88 (53 68 46 40 4 7 75 2))
(69 (75 7 11 17 94 68 73))
(21 (1))
(96 (17 39 36 6))
(5 (74 99 55 79 50 48 86 6))
(68 (70 23 40 85 0 91 65 0 73 18))
(2 (33 86))
(29 (59 73 93 75 26 65 19 53))
(6 (55 48 66 78 40))
(77 (71 10 46 3 53 23 36 40))
(23 (93 87 89 34))
(22 (52 23 71 48))
(23 (2 52 55 22))
(35 (90))
(61 (47 7 34 15 55 32 5))
(49 (72 58 95 89 51 20 93 23))
(21 (16 59 38 4 30 20 64 74))
(91 (14 58 89 88 57 26 47 3))
(7 (33 86 40 22 52 62 48))
(41 (38 68 29 31 94 83 44))
(60 (22 6 98 32))
(83 (76 44 41 43 10 50 25 45 81))
(59 (35 45 69 19 55 97 85 0 16))
(65 (64 88 68))
(16 (46 13 24 6 8 89))
(69 (35 17 9 53 52 25 99 18 46 85))
(58 (33 93 33 71 10 72))
(79 (47 68 41 40))
(56 (94 5 30 92 51))
(50 (37 83 39 70 19 12))
(33 (58 47 44))
(29 (26 7 55 81 27 97 17 31))
(9 (87 74 87 88 16))
(52 (31 90 82 15 81))
(1 (79 54))
(97 (64 49 86 21 42 18 26 52 68))
(13 (97 74 67 49 6))
(71 (3 51))
(45 (44 89 52 69 96 80 55 37 6 47))
(75 (16 8 12 43 45 25 70 25 64))
(87 (67 40 33 5 2 50 93 43 30))
(5 (28 25 8 57 33 21 26 14))
(19 (49))
(10 (47 37 12 90 89 1 20 70))
(31 (31 28))
(98 (41 59 74 7))
(54 (19 81 38 98 21 89))
(98 (20 85 4 57 86))
(48 (53 61 11))
(7 (35 11))
(83 (99 63 62 37 98 1 25))
(35 (52 56 20))
(11 (27 96 45 16 73 90))
(13 (56 29 32 76 88 49 57 64 84))
(10 (76 82 79 38 88))
(72 (49 61))
(80 (71 6 55 10 93 43))
(67 (34 47 93 85 85 15 90 22))
(82 (40 36 13 75 41 23 76 0))
(98 (95 40 69 84 13 66 6 43 96))
(64 (52 93 33 46 32 40 85 58 40))
(45 (85 41 79 99 64 29 39 16 60 37))
(84 (42 8 87 98 3 37 45))
(33 (30 36 85))
(79 (39 6 55))
(26 (29 69 32 19 81))
(15 (11 30 72 39 32 61 93 5 59 42))
(23 (23 75 24 71 53 44 79 62))
(89 (81 31 91 28 2 49 33 74 14 3))
(52 (93 23 3 64 36 77 28 47 4 11))
(19 (45))
(69 (40))
(99 (87 23 88 37 38 50 60 72 8 74))
(76 (80 31 74 60 91 17 45 41 35))
(14 (61 4 9 42 54))
(5 (14 63 62 86 32 15))
(64 (9 94 96 26 72 2 86))
(56 (12 81 6 45 87 17 7 25 85))
(24 (18 90))
(12 (81 13 29 62 14 17))
(84 (8 91 58 20 16 65 81 66 1 95))
(1 (57 68 62 49 12))
(2 (69 19 33))
(69 (92 70 1 59 81 38))
(54 (41 5))
(73 (72 21 9 75 50 91 6 46 68 20))
(15 (44 53 20 41))
(73 (24 80 94 53 11 28 39))
(79 (8 42 62 90 23 24 4 91 34 44))
(15 (30 71 8 76 54 95 65 16))
(54 (73))
(87 (39 72 2 60 89 14))
(32 (47 3 61))
(83 (18 95 36 71 81 78 35 50))
(3 (27 58 64))
(91 (81 73 25 76 68 20 92 2 19))
(25 (42 31))
(20 (22 0 20 60))
(37 (41 93))
(60 (13 97 98 16))
(97 (76 58 18 43 35))
(37 (75 29 10 18 80 16 9 9 7))
(24 (10 27 88))
(25 (10 20 94 66 93 61 6 60 49))
(69 (40))
(18 (3))
(93 (22 92))
(16 (10 76 59 57 97 96 84 55 44))
(1 (58 28 51 25))
(44 (43 39 43 67 42 15 5))
(51 (4 40))
(97 (7 11))
(87 (76))
(44 (27 72 6 12 94 40 91 63 77))
(19 (39 66 18 12 98 90 69 26 51 58))
(55 (24 70 21 46))
(57 (2 91 32 54 82 82 23))
(36 (67 55 23 88 48 69))
(79 (16))
(88 (23 52 48 23 77 47))
(94 (74))
(19 (95 5))
(24 (95 46 82 23 91 42 26 92 23))
(66 (34 61 59 55 83 1 32 8 39 7))
(24 (93 31 41 83 35 12 14 95))
(26 (37 62 11 49 26))
(97 (38 63 58 66 19 95 49 64 90))
(70 (20 2 71 18 96))
(29 (55 76 21 43 65 11 70 39))
(67 (57 12 91 31 45))
(41 (64 12 32 23 40 8 14))
(1 (4 5 58 77 2 41 35))
(1 (91 89 51 2))
(55 (15 88 34 3 40 59 60 61))
(20 (39 94 27))
(49 (19 71 99 39 83 89 62 60 52))
(94 (89 67 72 57 74 91 38 21 53))
(44 (2 24))
(58 (41 80 72 29 74 77 24))
(30 (89 77 22 23))
(55 (20 80 12))
(4 (18))
(63 (88 4 45 80))
(89 (78 69 22 77))
(59 (72 83 42))
(79 (59 63 47))
(42 (26 87 29 8 86 21 66 41))
(42 (38 82 9 82 41 73 98 95 57))
(85 (57 39 25 61 73 8 62))
(90 (43 43 67 66))
(9 (36 35 79 73))
(74 (81 46 59 94 81 40))
(73 (28 70 26 61 20 48 36 39 64))
(75 (33 41 67))
(12 (46 42 55 10 93 31 63))
(41 (46 7 22 8 65))
(87 (48 38 85 54 1 87 54 63 13))
(49 (65))
(25 (77 66 30 47 70 83))
(81 (73))
(67 (84 78 76 97 13 83 94 54 44 54))
(75 (49 43 4 23 66 16 82))
(85 (14 12 54 47 50 83 43))
(99 (33))
(60 (91 93 85 61 21 57 21))
(26 (9 29 78 15 72 69 26))
(19 (31 39 19 13))
(4 (63 81 78))
(18 (98 28 52 69 47 34 52 2 94 54))
(86 (79 86 37 39 34 12 46 85 66 61))
(79 (48 28 74 24 66))
(81 (58 5 23 68 81))
(98 (98 6 44 12 84 37 64 90 3))
(2 (83))
(84 (72 0))
(44 (44 98 34 63 99))
(47 (94 83 66 40 41 9 45 20))
(96 (78 58 14 16))
(4 (89 16 24 1 41 55 60 21))
(35 (1 3 8 80 32 90))
(51 (49 77 79 17 20 90 53))
(14 (63 8))
(37 (75 37))
(90 (32))
(35 (1 67 72 95))
(79 (75 40 94 41 73 22 17 58 8))
(50 (15 46 96 54 21 25 38))
(88 (98))
(19 (94 23 9 19 16 57 69 0 20))
(56 (22 67))
(42 (13 14 49 8 27 62))
(22 (35 95 30 6 66 32 95 17 73))
(68 (1 61))
(73 (32 32 15 58 5 55 74))
(76 (5 13 18 78 98 85 16 69 74 35))
(43 (52 47))
(35 (7 20 97))
(50 (41 21 11))
(97 (88 27 36))
(6 (9 80 43 95 80 8 39))
(74 (6 12 72 37 59 80 55 25))
(47 (54 94 68 70 95))
(40 (12 5 92 0 38 30 79 56))
(8 (61 80 79 34 45 90 75 78 71))
(94 (79 27 63 73 53 42 30))
(96 (54 2 91 53 66 26 98 24))
(22 (63 46 23 69))
(72 (70 91))
(88 (41 60 33 96 13 75 17 62))
(46 (66 93 70 1 76 74 80))
(95 (30 31 4))
(27 (78 65))
(51 (20 73 16 59 90 35 82 1 18))
(72 (27 3 2 72 14 34 93 7 51 91))
(28 (4 98 80 36 23 69 0))
(40 (29 54 12 78))
(22 (97 18 64 67 82 61 7 41))
(92 (54 99 52))
(8 (31 43 48 16 69))
(70 (42 25 73 73))
(1 (55 31 22 79 91 38))
(6 (62 2 2 29 29 3 85 2 79))
(83 (14 30 9 74 18 71))
(94 (76))
(7 (18 5 92 77 41 19 25 78 54 18))
(79 (55 39 98))
(70 (44 88))
(55 (40 61 4 3 7 22 98 44))
(12 (2 89 95))
(33 (76))
(6 (28 70 42 47 54 70 13 64 96 11))
(16 (33 92 98 69 68 87 0 57))
(80 (27 13 32 70 39 97 57 23))
(88 (10 37 38 43 32 95))
(47 (25 58 11 2 82 72 51 31))
(49 (62 42 84 2 56))
(3 (29 19 49 95 46))
(1 (20))
(13 (91 5 24 32 27 70 52 41 55))
(99 (7))
(7 (59 49 66 29 15))
(95 (82 66 67 73 69 16 58 4 33))
(73 (48 10 52 56 13 41 44 42 61))
(62 (2 87 83 80 63 10 34))
(33 (78 88))
(24 (64))
(85 (47 38 12 54 8 37))
(94 (60 5 9 59 29 1 53))
(16 (75 76 85 95 33 41 82))
(38 (15 39 61 95 77))
(68 (91 26 91 77 27 4))
(92 (85 34 58 91 27 35 31 20 94))
(91 (79 87 37 75))
(37 (42 58))
(56 (11 39))
(93 (53 94 3 67 19 7 16 76 38))
(93 (81 65))
(96 (32 1))
(88 (54 38 60 19 29 67 53 52 96))
(91 (76 70))
(97 (17 66 78 2 42 97 47 4 35 28))
(31 (16 33))
(12 (57 96 66 55 77))
(54 (20 44 57 97))
(58 (28 76))
(42 (50 67))
(4 (66 69 5 17 78 43 43 41 36 53))
(77 (53 48 36 0 70 71 22 39 85))
(28 (73 70 95 57 42 87 76 95))
(15 (0 2 38 91 36 21 46 23))
(95 (14 58 93 69 22))
(27 (19 74))
(58 (97 33 4 21 66 60))
(13 (36 61 57 88 17 27 0 6))
(74 (25 90 75 3))
(59 (30))
(20 (68))
(35 (16 84 27 39 10 1 62 66 85))
(21 (12 66 21 17 29 76 73 82 55))
(62 (63 25 86 85 72))
(8 (14 23 61 53))
(71 (22 45 14 11 30 53 69 63 31 81))
(93 (16 47 95 64 11 94 49 54 44 59))
(16 (84 31 26))
(73 (61 77 14 51 42 95 50))
(13 (5))
(59 (44 9 7 51))
(89 (2 77 78 9 3))
(67 (5 54))
(54 (37 11 61 39 17))
(16 (39 32 71 85 2))
(65 (35 58 26 79 23 46 90))
(52 (28 2 81 35 95))
(13 (5 56 37 4 53))
(57 (2))
(42 (58 16 30 77 89 13 89))
(35 (54 13))
(100 (69 70 97 23 32 60 63 10 1))
(32 (39 59 61 72 5 19))
(88 (69))
(25 (25 33 95 7))
(2 (79 65 76))
(36 (84 72 39 18 31 99 18 10 85 95))
(34 (71 6 43 47 78 12 52 61 92 0))
(9 (20 35 63 81 31 82 25))
(24 (47))
(61 (3 32))
(76 (15 18 71 39 25))
(95 (86 56 35 39 84))
(89 (84 62 19 19 62 5 37 0))
(87 (22 68 67 81 5))
(68 (53 56 54 37 34 18))
(69 (57 12 32 66 40))
(19 (34 86 26 10 20 44 31))
(51 (63 38 2 5 21 80))
(35 (33 73 66 22 74 58 61 76 21))
(71 (23 66 4 37 26))
(11 (52 4 4 67))
(44 (54 89))
(63 (86))
(58 (29 31 20 63 91 85))
(35 (35 23 49 27 7 6))
(11 (46 16 41 30 96))
(50 (40 13 46))
(26 (70 90 3 61))
(52 (24 94 67 92 25 34 27 47))
(69 (84 82 56 41 38 29 59 63))
(7 (72 95 62 91 85 76 84 50 11 24))
(93 (47 39 45 20))
(26 (53 63 9 36 72 15 0 64))
(16 (84 27 72 58 55 40))
(32 (46 99))
(67 (34))
(83 (28 24 34))
(47 (22 34 43 48 83))
(4 (51 30 58 78 18))
(95 (59 19 49 83 24 32 10))
(71 (39 13 80 79 89 17 23 80))
(17 (19 85 99 24 55 24 43))
(66 (94 14))
(43 (83 49 70 60))
(68 (42 21 86 86 29 31 18 12 72))
(15 (7 97 15))
(41 (48 20 60 6 8 35 8 42))
(63 (48 60))
(92 (21))
(54 (62 35 94 49 77 94 7 49 17 93))
(45 (48))
(51 (78 34 43 23 59))
(95 (7 59 8 47 73))
(24 (8 61))
(67 (48 72 80 80 17))
(82 (98))
(86 (41 46 20 87 9 68 3 44))
(28 (62 50 43 7 7 58 99))
(53 (23 14 37 90 9 55 11 60 22 78))
(9 (2))
(66 (17 8 65 95 80))
(46 (68 18 9 54))
(87 (92 60))
(86 (13))
(5 (60 98 57))
(21 (68 82 49 59 26 9 91))
(63 (82 60 40))
(94 (12 81 37 80 92 11 39 61 20))
(13 (97))
(48 (41))
(99 (37))
(88 (46 42 88 29 63 43 1 49 67 16))
(92 (54 54 82 27 51 47 0 69))
(16 (31 6 78 94 63 47))
(75 (94 94 14 29))
(76 (9 38 98 23 33 5))
(62 (17))
(21 (24 90 62 81 93 34 1))
(3 (84 79))
(79 (71))
(70 (86 35 90 33 48 41 15 38 44 22))
(24 (28 13))
(76 (21 17 45 85 14 7 19))
(50 (64 93 97 83 62 8 83 31))
(33 (56))
(98 (33 42 43 67 94 79))
(100 (19))
(17 (31 72 28 31 86 5 80 21 13))
(85 (41 14))
(21 (34 78 97 90 42 16 9 75))
(52 (45 57 66 70))
(33 (95 58 57 97 98 10 12))
(27 (19 6 56 65 14 9))
(86 (64 75))
(91 (32 83))
(1 (66 45))
(87 (7 97 94 41 63 64 53 66))
(53 (58 6 78))
(43 (39 59 60 96 67 99))
(13 (24))
(99 (63 86 49 86 51 80))
(82 (84 93 59 68 77 49))
(18 (64 22 66 27 24 89 65 55 80 91))
(90 (26 58 4 64 95 98))
(49 (13 67 2))
(12 (0 55))
(15 (93 35 44))
(93 (86 67 41))
(99 (52 17 6 2 1 75 33 31))
(98 (92 45 81 32 66))
(73 (37 3 38 15 88 62 43 62 40 86))
(86 (41 24 80 24 87))
(14 (54 0 59 79))
(24 (0 39 73 14 33 93 85 86 18 82))
(69 (98 58 94 81 82))
(88 (10 24))
(42 (51 0 32 89 55 52))
(98 (99))
(85 (84))
(53 (41 71))
(58 (60))
(19 (10))
(40 (62))
(74 (87))
(16 (65 14 79))
(30 (29 36))
(82 (44 20 32 8 53 0 13 5))
(33 (37 13 84 23 81 86 47 1 67))
(63 (4 69 98 50 53 33 19 15))
(14 (38 12 96 28 10))
(70 (10 54 44 9 27 38 66 17))
(54 (84 22 68 59 64 92 63))
(62 (66 88 43))
(99 (66 99 57 68))
(62 (34 75 83 90 81 6))
(12 (74 31 92 33 29 53 52 63 42 78))
(25 (46 74 81 6 87 44))
(7 (55 17))
(12 (65 40 15 12 69 10))
(42 (34 99 94 76 51 90))
(96 (26 72 61 61 86 97))
(32 (72 35 63 80 39 91 92))
(44 (31 85 96 63 72 74 90 13 27))
(1 (62 84 57 70 1))
(77 (47 21 78 42))
(60 (35 15 14 17 3 18 55 54 41 55))
(3 (1 58 80))
(27 (72 95 68))
(57 (96 55 15 60 85 34 26 73))
(59 (22 91 87 57 47 65 93 45))
(82 (69 30 40 97 38 40 72))
(27 (48 3 43 5 60 57))
(27 (83 58 76))
(40 (48))
(64 (54 43 39 39 85 19 1 17))
(98 (75 70 48 9 84))
(100 (65 78 5 51))
(35 (19 38 12 28 71 74 83 22 51))
(88 (62 27 59 50 51 25))
(55 (26 43 81 80))
(89 (49 89 25))
(88 (26 84 65))
(99 (12 20 11 95 18 74 78 35))
(10 (65 14 19 67 38 75 48))
(60 (2))
(78 (74 40 91 28 98 29))
(64 (34 65 39 33 69 80 17 19 2))
(17 (33 42 10 19 67 47 67 50 15 61))
(86 (9 14 88))
(40 (83 19 51 30 36 33 12 73 85 36))
(55 (13 82))
(58 (38 58 86))
(87 (66 76))
(12 (31 40 3 34 62 82 85 31 5))
(10 (40 6 72 90))
(72 (3 64 1 8 52 29 18 95 6))
(98 (26 52))
(7 (63))
(41 (91 77 3 50 33 22 25 17 1))
(8 (2 19))
(51 (3))
(24 (5 31 67 65 45 33))
(92 (39 47 1 79 83 66 18 61 58))
(93 (1 57 58))
(52 (96 13 76 10))
(5 (25 48 7))
(25 (37 45 79))
(16 (37 71 7 81 18 21 12 57 49))
(96 (47 80 44 65 1 55 13 52))
(28 (67 55 90 73 46 79 62 83))
(60 (39))
(43 (12))
(7 (19 95 90 34))
(44 (85 12 50 70 3 71 93 27 76 34))
(44 (40 83 90 18 53))
(4 (42 15 14 44 46 33 97 94 47))
(10 (76 91))
(60 (81 93 15 7 69 22 57 87 55))
(32 (5 76 2 93 24 63 53 87))
(66 (59 99 61 20 17))
(68 (10))
(37 (73 51 90 49 86 81))
(10 (3 92 63 51 25 80 62 7 49 82))
(72 (12 95 93 95 44 45 41 60))
(35 (65 36 46))
(69 (6 93 56 47 24))
(78 (25 29 39 65))
(80 (96 82 54 75 20 4 81 96 0 38))
(20 (15 10 76 16))
(84 (82 76 79 42))
(96 (65 70 92 88 11 89 78 25))
(49 (55 61 60 88 48))
(68 (58 95 68 47 30 85 86 23))
(38 (77 65 19 25))
(75 (55))
(23 (67 61 39 3 31 7 61 67 88))
(23 (50 39 59 90))
(21 (42))
(82 (27 60 76 64 41))
(91 (85 94 79 37 24))
(45 (90 98 29 91 96))
(8 (47 71 55))
(74 (28 39 23 32 19 38))
(43 (21))
(32 (61 85 66))
(52 (36 72 35 17 28))
(25 (94 74 47 60 86 79 54))
(16 (17 73 55 35 55 26 82 85 84))
(38 (98 30))
(31 (51))
(51 (85 17))
(11 (89 34 12 66 29 88))
(71 (78 99 74 33 26 57))
(3 (50))
(75 (91 99))
(52 (21 7 37 25 84 3 49 46))
(61 (29 5 29 82 87 82))
(66 (66 40))
(4 (73 28 47 14 73))
(87 (80 26 2 68 58 45 88 23))
(23 (90 19 6 97 92 97))
(94 (61 5))
(55 (51))
(20 (14 18 34 89 64))
(54 (74))
(75 (93 59 38 94 33 48 36 39 92))
(40 (16 46 45 20 71 97 63 30 25 50))
(16 (45 49 10 45 74))
(76 (91 42 75 50 22 46 13 54 68 81))
(59 (14 90))
(26 (95 40 99 83 48))
(73 (65))
(41 (87 99 38 33))
(50 (32 64 7 88 52 98 94))
(74 (40 2 10 23 65 65 5 21 29 63))
(2 (8 82 34))
(81 (97 90 3 68 88 66 68 28 60))
(43 (19 8 49 76 64 72))
(82 (11 68 41 2 40 25 22 94 15 6))
(13 (8 84))
(39 (3 72))
(43 (99 0 20 48))
(46 (64 90 47))
(97 (38 28 97 34 73 34 61 78 93 3))
(37 (26 23))
(75 (76 85 58 20 80 16))
(82 (61 55))
(99 (83 51 34 80 28 58 32 68))
(81 (87))
(34 (13 47))
(46 (1 99 94 56 87 59 70 5))
(81 (52 92 23 51 78 94 20 59))
(12 (14 40))
(25 (54 4 92 92))
(70 (97 48 51 90 22 37 97))
(15 (12 17 51 25 53 72 22 56 48))
(31 (19 52 82 95 47 17 19))
(60 (68))
(77 (46 95))
(68 (36 10 31 24 3 16 55 66))
(28 (35 34 27 38 58 54 22))
(29 (37 63 46 23 73 48 66 4))
(85 (77 39 85 37))
(100 (98))
(68 (55 37 55 36))
(21 (91 54 88 2 51 42 99))
(79 (64 64 18 11 52 3 16 38))
(39 (63 92 37 98 61 75 39))
(69 (0 39 60 17 38 94 57 78))
(64 (11))
(2 (60 91))
(52 (50 90 46 47 97 0 51 33 91 78))
(52 (96 83 40))
(16 (92 66 89 57 32 41 1 95 4))
(54 (81 88 7 6 31 17 52))
(78 (88 53))
(28 (25 55 44 61))
(60 (20 75 66 22))
(89 (81 20 21 17 5 19 87))
(44 (19 86 14 56 22 19 4))
(84 (22 42 10 89 61 67 76 82 31 23))
(52 (95 59 19 94 72))
(14 (65 19 47 7 0 49 40 11 45 12))
(71 (64 68 17))
(91 (36 51 46 44 81 3 81 81 82))
(73 (12 40))
(30 (97 72 23 14 19 65 48 50))
(16 (2 71 32 71 23 9 24 11))
(44 (96 45))
(58 (53 99 1 99 55))
(77 (9 96 36))
(95 (87 43 18 85 67 12 82 45))
(95 (10 4 34 65 99))
(93 (30))
(12 (81 75 67 5 99))
(21 (99 77 12 53 13))
(82 (39 6 72 39 73 40))
(2 (95 11 73))
(19 (20 7 88 72 92 15 25 87))
(84 (82 8 40 79 32 49 22 80))
(85 (41 45 14 74 9 44 95 56))
(44 (70 1 41 42 29 89 72 45 24 12))
(55 (81 6 21 32 13 88 80 38 58 23))
(26 (80))
(49 (12 91 56 64 55 66 80 25))
(22 (70 83 63 63 6 74 31 13))
(10 (58 42 22 92 64 37 68 62 29))
(58 (77 77 74 45 36 82))
(49 (45 97 36 37 40 10))
(90 (85 74 5))
(71 (98 91 20 96 56))
(92 (63 95 36 67 52 64))
(73 (20 11 77 23 17 1 25))
(43 (66 59 37 88 71))
(41 (6 78 8 9 51 60))
(13 (84 83 30 72 60))
(50 (58 29 36 65 76 39 13))
(23 (44 9 30))
(54 (11))
(16 (79 86 14 87 64 36 93 4 34))
(44 (14 35 62 16 16 3 46 58))
(68 (22 98 85 60 24 91))
(18 (98 67 99 86 76))
(44 (7))
(49 (35 87 74 69 0))
(11 (32))
(69 (11 97 17 96 24 51 31 32 94 24))
(13 (6 29 20 24 40))
(41 (55 10 50 5 88 5))
(24 (66))
(9 (70))
(33 (6 33 52 93 96 29 31 53 91))
(95 (98 52 32 57 97 70 91 93 92))
(76 (36 61 76 17 47 17 80 59 12))
(70 (4 97 86 63 45 84 87))
(84 (31 12 16 90 79 98 38 47 55))
(57 (42 16 48 97))
(67 (88 9 62 82))
(21 (14 76 17 71 32))
(19 (5 50 46 53 26 51 65 92 35))
(52 (51 34 49 92 27 77 12 27 50 22))
(74 (6 2 4 57))
(63 (16 23 35 92))
(73 (17 30 93 48 53 60 84 50 26))
(25 (54 96 75 36 16 68 16 61 3 64))
(72 (47 10))
(65 (93 30 47 19 71))
(54 (42 24 95 70 7 94))
(49 (88 61 12 20 33 76 79 0))
(7 (59 30 67))
(41 (29 14 2 23 44 60 44))
(24 (16 77 36 47 16 22))
(15 (8 53 66 56))
(33 (62 74 27 71 10 10 33 17 43 56))
(82 (7 94 72 63 98))
(74 (45 72 45 76 56 53 97))
(42 (80 57 35 33 58))
(58 (11 16 41))
(67 (59 29 73 20 72 6))
(16 (20 78 89 73 15))
(45 (76))
(94 (94 39 22 61))
(55 (6 35 55))
(82 (14 17 88 29))
(1 (87 74 96 55 53 79 39 9 6))
(52 (92 84 94 0 36 75 83 90 6))
(8 (28 96 34 31 33 1 82 36 10))
(47 (34 8 79 71 75 12))
(97 (15 7 19 31 43))
(75 (22 18 78 38 73 58 77 81 47))
(46 (80 42 79 45 60 94 74 88 57))
(3 (79 64 43 88 39))
(59 (97 95 90 28 25))
(50 (46 81 35 16 10))
(60 (36 64 54 57 12 23 11))
(88 (30 10 85 3 93 61 4 46 31 4))
(89 (25 54 67 83 55))
(64 (17 16 0 60 1))
(79 (89 73 64 54 49 12 13 25 35 73))
(80 (59 3 93 63 48 14 28 36))
(70 (81 93 75 61))
(100 (72 34 78 95 88))
(9 (98 84 62 81 19 11 58 44))
(86 (61 24 32 85 28 44 50 74 88))
(33 (58 48 87 97 38 30 51 73))
(31 (93 95 79))
(94 (91 41 93 68 51 33 44 27))
(23 (98 75 26 7 94 4 65))
(20 (83 31 52 50 61 47 12 24 42 77))
(79 (17))
(17 (38 51 14 60 19 22 50 93))
(94 (12 51))
(16 (35 16 96 13 69 65 7))
(99 (28 14 60 57 30 54))
(63 (91 67 28 85 61 37))
(67 (94 61 41))
(27 (4 82 7 9 48 25))
(28 (52 5 30 52 53 58 50))
(22 (89 30 8 94 84 28))
(93 (15 66 17 23 72 13 54 25 20 18))
(13 (61 30 77 84))
(75 (5 28 92 23 43))
(74 (66 89 70 98 44 69))
(39 (59 56 32 87 10 73 79 36 80 86))
(34 (28 90 44 48 58 64 38 19 1))
(51 (15 46 98 67 75 10 30 31 29 1))
(1 (26 60 0 49 70 82))
(22 (68 4 90 30 28 90 9 47 59))
(8 (16 27 67 66 90))
(90 (61 89 54 98 13))
(24 (63 74))
(88 (71 18 41 91 13 55 84 52))
(48 (9))
(94 (91 14 59 47 72 30 32 5))
(16 (25 4 99 66 89 6))
(32 (46 72 2 32))
(13 (97))
(45 (68 0))
(36 (53 23 32 17 23 23 86 89))
(66 (28 52 65 81 13 1 62 13 80))
(6 (66 68 54 85 54 55 3 7 81 18))
(5 (19 85 26 77))
(81 (3 1 79 13 65 44 65 42))
(45 (73))
(31 (29 80 25 98 76 0 36 71 80))
(26 (80 53 71 17 74 29 56))
(25 (49 89))
(91 (17 64 84))
(79 (68 0 53 45 84 18 62 39 71 86))
(52 (53 97 9 25 22 24 50 25 1))
(62 (11 9 31 45 83 49))
(95 (84 97 7 15 70 51 55 13 93 36))
(27 (94 94 5 87 48 38 40 15 68))
(12 (33 98 61 51 4 93 61))
(12 (54 36 95 35 9))
(4 (53 67 39 1 1 40 77 88))
(53 (75 71 20 53 52))
(56 (87))
(81 (66))
(29 (71 54 74 61 13 70 67 35))
(3 (68 36 86 85 95))
(66 (25 11))
(34 (53 79 8 78))
(11 (60 36 57 15 19 42 83 8 15))
(56 (90 42 38 55))
(4 (6 47 73 6 61 18 77 28 92))
(32 (57))
(36 (1 26 16 55 53 61))
(79 (93 69 98 60 85 94 91 82))
(87 (93 39 82 68 65 13))
(89 (69 98 59 37))
(64 (51))
(92 (94 74 60 52 57 23 32 58 89 88))
(76 (66 97 42 24 75 42))
(1 (62))
(56 (23 0 82 68 41 5))
(27 (38 48 90 20 55))
(56 (85 89 29))
(30 (93))
(70 (21 94))
(34 (23 75 44 58 4 98 12 92 26))
(1 (70 98 62 47 88 32))
(73 (67 14 17 97 62 49 40 81 53))
(29 (38))
(73 (47 29 60 30 44 71 12 56 21))
(42 (83 54 21 68))
(96 (51 43 48 21 68 25 35 92))
(59 (52))
(38 (32 36 88 8))
(75 (16))
(69 (93))
(98 (29 66 3 17 51 11 41))
(42 (55 33 25 52 66 76))
(35 (40 99 42))
(6 (35 40))
(33 (49 92 22 1 44 35 3 58 92))
(88 (60 6 95 90 47))
(8 (60 18 18 19 62 68 35))
(87 (27 19))
(59 (29))
(48 (23 58 21 97 15 49 10 26))
(38 (11 94 23 30 42))
(100 (63 32 39 82 50))
(4 (81 63 11 88 22 83 54 44 27 85))
(74 (32 91 36 81 43 87))
(78 (35 42 66))
(51 (38 54 17 11 36 74 25))
(81 (97 50 26 15 46 51 67 95))
(46 (30 50 87 41 92))
(60 (91 33 84 88 63 6 53 80))
(38 (49 64 89 45 65 51 38 56 89))
(79 (78 76 94 43 37 21 96 22))
(54 (60 46 51 99 4 11 86 18 61))
(20 (0 74 26 52 61 65 97 84 82))
(86 (32 74 5))
(90 (90 45 70 18))
(22 (65 7 8))
(79 (80 66 36 37 95 12 88))
(58 (30 25 47 59 6))
(22 (17 35 35 2 2 71))
(10 (30 94 74 59))
(64 (15))
(37 (26 47 86 35 61))
(6 (57 51 40 98 67 32 44))
(95 (38 81 86))
(47 (58 47 98))
(19 (49 34 57))
(21 (95 33 75))
(75 (41 92 1 80 94 34))
(93 (38 92 68 48 89 61 68 38 62))
(60 (18))
(71 (44 76 40 68 17 9 27))
(49 (63))
(15 (31 82 14 66 34 35 89))
(11 (35 46 55 52 2 83 11))
(27 (97))
(69 (32 30 3 32 17 82 75 47 53))
(6 (25 13 90))
(68 (97 18 11))
(67 (97 51 91 39 15))
(77 (36 82 2 66 6 15 74 69))
(10 (5 56 13 34 66 78 79 87 67))
(23 (2 34 97 78))
(38 (27 28 28 59 97 73 89 75 75))
(64 (82 67 9))
(79 (72 74 89 46 16 8 11 52 60 12))
(90 (54 4 91 81 79 86 3))
(85 (15 66 31 50 36))
(100 (0 9))
(50 (60 87 98 82 75 48))
(85 (2 52 82))
(16 (2 40 42 68 88 1 5 8 81))
(31 (62 59 10 8 6 47 27 54 16))
(49 (55 28))
(51 (23 50 54 27))
(89 (34 68 97 29))
(29 (47 22 10 21 79 44 48 59 50))
(59 (95 86 81 44 49 87 98 1 74 25))
(29 (17 24 66))
(12 (46 28 47 28 17 2 75))
(24 (53 7 88 35))
(89 (52 41 9 79))
(22 (92 33 84 15 89 91))
(81 (40 92 91 48))
(100 (89))
(93 (13))
(92 (27 8 20))
(4 (96))
(94 (91 6 14 93 85 13 84 81 93))
(45 (72 54 77 11 36 43 32 58 24 72))
(54 (22 13 31 75 44 63))
(9 (46 2 58 6 78 48 95 99 33 16))
(57 (97))
(54 (54 87 22 99 1 8 90 28))
(75 (41 79 31 90 31 38 93))
(97 (16 80 52 46 4 46 99 62 97 77))
(49 (50 45))
(19 (2 14 71))
(61 (2 88 74))
(64 (58 75 75 61 29))
(19 (30 40 75 75 93 2 19 43))
(19 (36 39 79 7 98 87 47))
(39 (82 68 24 4 7 62 73 9 29))
(54 (40 80 69 30))
(49 (4 92 29 67))
(97 (78 22 37 7 70 94 73 87 3))
(92 (2 71 72 46))
(68 (83 35 54 86 73 17))
(66 (97 24 5 44))
(73 (86 76 32 80 85 20))
(65 (24 61 27 16 59 69 56))
(21 (23 84 81 63 98 64 68 77))
(45 (73 92 57 39 17 84 20 97 49))
(21 (68 78))
(92 (18 83 59 48 61))
(94 (73 89 51))
(66 (57 19 4 43 57))
(48 (20 60 91 42 6 80 0))
(47 (38 62 24 5 82 26 97 68))
(2 (34 93 0 6 70))
(92 (97 26 38 9 70))
(43 (77 76 33 27 11 78 92 34 43 38))
(24 (65 23 14 82 68))
(33 (39 56 86 83 62 34 53 61 2 26))
(42 (42 51 40 37))
(53 (64 86 34 57 57 2 38 0 19 61))
(43 (90 90 76 79 71 19 16 93))
(3 (11 83 65 10 78 14 66 79 50))
(74 (24 70 26 81 11 81))
(34 (71 20 72 18 61))
(60 (93 80 26 77 74 15 95 42 2))
(23 (85 8 99 86 49 51 57 56 72 65))
(85 (18 78 98 80 7 61 31 63 17))
(37 (27 97 82 40 29 92 71 45 66 86))
(82 (96 16 67 72))
(53 (78 3 14 30 55 49))
(19 (95))
(3 (83 24 82 69 40 16 43))
(2 (19 50 99 82 68 8 37 46))
(20 (95 4 18 19 0 74 69))
(9 (10 46 67))
(61 (96 94 81 11 55))
(68 (76 79 45 68 52 92 38 77))
(98 (73 26 80 97 99 92 47 83))
(44 (49 41 16 84 7 85 26 29))
(48 (64 83 74 87))
(75 (63 86 66 29))
(95 (96 53 39 76 88 21))
(33 (87 99 91 40 93 32 75 51 51))
(80 (45 68 32 27 50 74 75 17))
(28 (54 2 99 90 71 15 26 5))
(37 (34 14 72 24 81 79 77 9 23 95))
(94 (14 49 2 26 5 78 93))
(67 (81 8))
(9 (86 97 98 70 9 56 31 1))
(42 (84 43 63 41 66 59 2 29 6 99))
(90 (14))
(34 (66 55 26 39 30 34))
(93 (47 6 11 23 64 45))
(94 (64))
(44 (68 80 25))
(20 (83 1 67 41 12 14 91 61 71))
(90 (65 15 92 99))
(70 (75 98 18 22 70 38 14 71 71 47))
(9 (55 6 5 86 77))
(81 (73 23))
(33 (90 59 36 42 6 62 80 43))
(3 (97 97 44 81 49 18 93 15 14 92))
(25 (69 0 45 9 80 88 15 32 90))
(2 (51 86 20 16))
(27 (54 93 24 92 65 37 25 8 66))
(75 (28 54 98 76 1))
(39 (80 40 0 20 26 94 39 24))
(58 (37))
(5 (88 56 42 40))
(24 (82 56))
(3 (37 55))
(58 (72 51 21 19))
(18 (50 2 25 0 83))
(12 (5 19 52 35 29 11 11 58 55 0))
(22 (87 30))
(6 (73 36 41 70 12 55))
(94 (73 1 94 87 98 14))
(73 (4 65 81 19 29))
(85 (83 31 72 25 25 68))
(68 (78 61 78 69))
(61 (28 4 97 65 52 44 28 13 28))
(76 (5))
(33 (2 50 11 25 26 22 46 25 62 76))
(2 (17 70 61 9 28 44 24 65 53))
(96 (21))
(46 (23 4 56 4))
(75 (47 87 11 31 74 32 73))
(52 (98 10 47 12 59))
(84 (20 86 40 38 29))
(66 (93 86 37 95 23 17 34 61 19))
(65 (66 3 52 46))
(1 (84 55 61 84 17 25 9 72 35 56))
(7 (19 10 22))
(48 (32 49 61 95))
(90 (54 8 81 81 45 52 79 25 51 16))
(63 (50 20 40 79 0))
(12 (59 6 23 9 8))
(11 (98))
(62 (7 49 51 41))
(95 (92 60 17 98 12 91))
(41 (65 72 5 0 26 76 34 39))
(30 (51 97 8 50))
(40 (26 35 39 17 65 75 39 82 84 23))
(54 (9 81 28))
(52 (87 48 7 58 85 45 73 79 84 8))
(45 (26 50 8 96 36 31 35 28 44 56))
(16 (72))
(13 (14 62 21 5 58 20 8 69 56))
(100 (4 17 4 46 92 92 69))
(87 (35))
(81 (32 30 69 41 79 12))
(5 (11 73 29 23 4 9 7 50 95 92))
(33 (49))
(21 (78 75 15 65 75 16 91))
(62 (1 14 81 29))
(41 (32 78 32 88 19 29 8 94))
(27 (33 68 84 25 5))
(100 (97 14 31))
(43 (84 77 36 73 29))
(68 (40 20))
(41 (83 79 46 7 43 73))
(83 (91 2))
(88 (10 21 88 25 66 24 54 97 58))
(60 (22 83 72 98))
(90 (52 99 22))
(44 (56 26 1 83))
(34 (52 79 96 63))
(30 (98 46 37 81 31 66 86 49 72))
(59 (34 72 8 5 2 41 85 86))
(13 (57 76 2 96 31 88 42))
(10 (92 21 13 16 75 93))
(27 (18 6 53 92 18 14 97 24 65))
(75 (3 96 39 11 82 18))
(81 (7 29 60 75 9 44 2 91 48))
(64 (49 89 92 79 25 35))
(74 (14 79 4 19 51))
(41 (41 35 24 95 75))
(71 (83 73 14 61 98 2 5))
(88 (31 6 32 30 88 38 54 73))
(59 (13 29 74 75 54 29 24 72 42))
(56 (41 65 49 94))
(22 (23 35 72 24))
(43 (44 50 57))
(56 (60 46))
(91 (27 15 30 47))
(28 (47 48))
(90 (92 31 83 69 21 98 2 91 45))
(41 (71 2 93 17 42 81 69 6 99))
(85 (30 62 92 98 23 13 49 71 16 81))
(2 (90 56 30 87 70 43))
(33 (45 15 4 45 67 59))
(96 (35 5))
(72 (50 70 31 46 56 56 38 66))
(17 (93 77 52 65 69 16 70 49 70 38))
(53 (9))
(11 (82 18 82 84 65 79 89 79 90))
(89 (30 37 6 92 45 36 72))
(61 (92 9 79 82 64 11 96 69 79 10))
(94 (67 85 2 33 19 58 96))
(67 (51 55 97 81 58))
(69 (36 77 51 53 98 26 61))
(13 (89 57 21 72 83 15 39 84))
(33 (2 9 65 80 17 46 26 15 93 82))
(71 (30 11 90 39 19 1 29 58 75 33))
(93 (67))
(83 (36 6 70 57 76 83))
(42 (98))
(26 (50 47 67 45))
(56 (12 98 92 7 83))
(11 (5))
(22 (29 37 74 1 9 90 78))
(81 (62 72 3 87 4 34 97 30 83))
(68 (86 35))
(70 (42 58 54 3))
(100 (79 31))
(82 (93 71 90 35 8))
(29 (5 49 16))
(89 (10 79))
(13 (10))
(63 (55 72 22 69 20 53 50))
(98 (21 59 83 11 15))
(46 (81 6 20 80 42 88 48 47))
(31 (92 36 54 40 31 79 68))
(96 (94))
(76 (9 82 42 69 99))
(58 (77 51 20 35 70 78 8))
(4 (98 48 92 67 26 20 65))
(56 (4 91 41))
(99 (57 19 0 59 10 77 68 80 93 30))
(51 (92 22 17 82 56 27 14))
(25 (66 19 58 47 27 45 11))
(40 (4 28 1 58 56 58))
(65 (10 25 63))
(36 (36 34 24 15))
(45 (66 68 51 4 79))
(6 (53 69))
(76 (8 16 28 21))
(81 (36 89 48 16))
(81 (4 15 61 66 36 42 10))
(60 (91 47 34 98 60 17 48 90))
(77 (86 30 90 58 80 89 58 22 29 70))
(84 (8 1 37))
(2 (98 45 90 99 76 90 96))
(77 (44 79 44 63 64 92 7))
(98 (4 80 2))
(63 (64 50 88 73))
(70 (28 48 21 75 50 28 12 50 38))
(50 (94 5 48 26 75 65 29))
(79 (33 65 81))
(32 (91 27 24))
(89 (75 84 86 57 65 36 71 35 16 3))
(25 (32 2 33 94 32 67 58))
(63 (54 91 97 76 97 19))
(57 (22 9 78 66 86 39 28 10 36 52))
(30 (97 19 32 7 98 39))
(89 (45 67 56 17 29 41 45 40 73))
(74 (90 95 93 69 2))
(76 (44 37 80))
(70 (16 60 53 67 47 56 59 89 24))
(78 (65 91 18))
(60 (47 1 51 7 54 8 44 17))
(9 (58 20))
(81 (32 25))
(66 (54 96 62 73 49 14 89))
(49 (76 44 45 41))
(2 (40 78 11 53 74 23))
(31 (53))
(24 (21 17 84))
(85 (28 6 93 46 39))
(88 (25 61 0 12))
(46 (25 8 42 71 87 24 42 10 83 94))
(21 (85 22 60 73 95 16 57 61 44))
(23 (19 27 6 40 48 26 54 82 35))
(15 (77 78 58 37 76 22 75 64 55))
(33 (60 76 36 8 89 55 45 61))
(16 (20 82))
(12 (56))
(71 (54 43 97 52 2 99 79 56 35))
(60 (58 39 97 50))
(56 (41 15 93 21 25 89 38))
(40 (21 67 36 23))
(16 (16 13))
(90 (61 26 18 71 65 56 39))
(33 (18 55 63 72 51 64 38 80 97))
(87 (77 4 54 85))
(62 (3 77 30 78 83 12 21 45))
(20 (14 33 24 93 93 49 0))
(17 (80 55 55 11 93 85 38 55))
(15 (35))
(95 (57 50 87 25 14 12 2 72 6))
(82 (78 2 43 69 85))
(94 (57 49 16 62 76 0 74 81))
(42 (10 53 5 31 4 81 91 72))
(65 (26 73 64))
(94 (74 13 16 46 92 47 35 90 31))
(24 (18))
(57 (96 3 19 84 34 8 49))
(63 (24 43 62 15 95 84 40))
(69 (90 35 95 69 62 7 59))
(93 (16 32 61 80 10))
(65 (21 62 70 76 21 70))
(99 (59 52))
(52 (88 12 59 65 2 22 21 41 88))
(25 (41 81 54 75))
(8 (14 45 24 13 27))
(18 (62 2 39 45 22 71 48 77))
(69 (54 18 35 1))
(9 (79 12 4 31 58 38))
(2 (62 93 92 5 32 5 93 9))
(41 (54 47 45 71 74 89))
(75 (75 28 35 19 25))
(56 (17 38 42 50 54 43 91 5 98 41))
(4 (16 53 91 25 91))
(59 (82 16 7 62 69 4 31 79 56 59))
(42 (27 8 50 79))
(57 (80 22 66 31 22 90))
(84 (24 58 12 54 60 1 78 16))
(9 (31 63 34 12 48 95 18 95 27 97))
(83 (40 54 16 26 99 16 24 43))
(52 (57))
(49 (45 56 43 85 47 65 70 35))
(13 (20 59 22 36 46))
(44 (21 5 98 89 41 69))
(66 (80 55 9 60 79 7 99 69))
(61 (47 42 75 4 59 6 25 5 91))
(68 (38 56 20 4 33 92 73))
(14 (65 18 73 45 43 56 36 46 48 94))
(50 (6 73 30 5 28 16 67 78))
(100 (72 51 87))
(69 (93 54 39 16 75 46))
(16 (77 89 28))
(89 (5))
(36 (54 3 1 28 58))
(64 (26 30 24 39))
(64 (64 57 24 23 83 81 69 59 13 63))
(71 (72 55 64 39 95 78 36 23))
(32 (35 62))
(86 (43 35 85))
(63 (20 25))
(28 (54 30 94 79 17 1 86 77 27 62))
(11 (58 30 80))
(33 (83 14 59 34 4 80 16 32))
(43 (11 52))
(22 (3 57 55 74 91 92 19 31))
(20 (24 11 17 24 28 97 97))
(86 (72 58 49 55 38))
(11 (93 68 18 44 20 30))
(60 (32 62 15 90 98 1 21))
(9 (48 89 45))
(77 (89 8 38 90))
(55 (58 53 8 7 68 73 57 25 5 11))
(84 (46 33 79 76 19 15 67 76 35 85))
(50 (95 67))
(30 (30 97 17 30 39 15))
(82 (89 80 69 34 44 42 25 76 50 83))
(23 (42 37 4))
(84 (8 79 58 82 91 66 33 77 65 20))
(79 (65 55 31))
(88 (44 16 13))
(11 (18 17 51 18 70))
(19 (27 94 7 22 0 0 26 29 58 69))
(57 (33 33 22 7 2))
(61 (79 27 30 72 28 81 78))
(30 (43 30 88 56 79))
(1 (86 45 31 66))
(25 (47 25 45 72 59 39 68 76 15))
(14 (37 12 81))
(31 (31 13 57 39 90 0 90 45 84 86))
(25 (64 94 61))
(63 (38 81))
(84 (74 96))
(21 (53 18))
(78 (36 25))
(2 (88 53 75 11 61))
(41 (31 85 82 96 14))
(87 (20 3 5 99 97 60 44 89))
(57 (9 78 13 77 44 73 1 54))
(69 (0 55))
(78 (76 41 51 20))
(34 (1 75 65 78 67 97 61 80 32 82))
(28 (84 52 87 31))
(13 (15 41 17 70 33 27 83 99))
(33 (69 74 93 87 82))
(98 (61 8 1 4 81 21 76 34))
(66 (73 77 84 63 53 58 52 69 34))
(58 (1 6 78))
(51 (12 57 50 38 11 17 19 8 22))
(37 (43))
(56 (43))
(82 (21 97 1 96 12 82 66 2 17 54))
(44 (65 57 39 76 64 6))
(19 (17 27 71 46 85 23))
(95 (40 22 23))
(36 (6 12 96 22 44 64))
(99 (71))
(59 (99 98 5 81 50 77 17 30))
(71 (4 30 64 87))
(10 (95 51 67 18 13 37 72 99 81))
(57 (45 51 88 52 77 52))
(55 (51 26 8 52 54 25))
(87 (94 79 3 47))
(35 (86 64 34 17))
(38 (30 91 15 10 64 56 57 71 24))
(82 (29 48 8 48 39 6 5 59 97 0))
(78 (23 9))
(60 (49 40 13 56 89 96 13 40))
(94 (46 22 72 17 17 63 29 21))
(25 (10 69 50 1))
(79 (32 3 86 58 4 25 37 76))
(35 (45))
(80 (1 83 74 86 21 1 72 74 16))
(82 (46 82 63))
(42 (47 31))
(59 (77 10 26 1 42 59 61 5 38))
(72 (28))
(77 (61 90 6 19))
(72 (64 76 24 27))
(13 (57 52 56 20 48))
(81 (22))
(89 (28 82 29))
(34 (56 75 19 65 23))
(45 (68 1 72))
(59 (29 14 40 6 80 12 21))
(1 (9 95 66 58 76 75 40 93 10))
(19 (41))
(62 (23 11 30 15 60 9 51 56 13))
(14 (95))
(51 (84 87 2 76 34 17 38))
(47 (55 3 87 12 98 38 49 86))
(18 (99 6 86))
(54 (6 99))
(64 (50 71))
(2 (6 21 51))
(78 (65 96 75 85 48 57 12 89 7))
(56 (64 58 14 50 17 16 0 55 54))
(18 (61))
(77 (71 63 24 31 19 77 37 23))
(16 (21 86 29 45 42 96 60))
(37 (21 30 21 15 15 14))
(34 (14 9 8))
(73 (6 17 66 19 34 23))
(98 (28 18 6 3 77))
(93 (72 81 31 72))
(44 (16 32 9 80))
(72 (69 78 94))
(70 (12 37))
(69 (59 23 15 25 0 54 17 35 60))
(4 (43 25 58 94 26 50))
(32 (87))
(32 (54 5 50 65 72))
(89 (40 45 85 65 53 59 24))
(33 (35 88 74 84 57 45 63))
(69 (76 74 92 56 27 84 34 14))
(56 (97 38 57 73))
(93 (75 59 30 56 76 2 38 64 56))
(83 (80 42 62 73 14 41 71 74))
(22 (0 88 56))
(4 (99))
(86 (54 46 21))
(37 (30))
(84 (55 9))
(37 (81 28 16))
(54 (23 20))
(26 (62 74 47))
(79 (99 80))
(27 (12 68 50))
(39 (55 69 82 49 25 0 16 56 81))
(73 (65 56 56 93 7 5 62))
(59 (86 89 52 51 72))
(79 (45 22 17 83 20 82 87))
(34 (17 58 66 6 9 21))
(79 (22))
(21 (52 33 87 35 57 75 77))
(36 (29 69 14 29 67 70 45))
(95 (16 43 45 19 3))
(83 (37 34 66))
(92 (5 54 66 11 99 19))
(12 (8 8 80 26 47 81 61 12))
(73 (48 10 44 19 60 65 13))
(3 (8 12 38 77))
(83 (61 85 23 21 33 30 22 89))
(91 (49 38 24 7 73 72))
(91 (44 48 3 74 93))
(100 (61))
(2 (95 83 28 79))
(90 (99 16 50 8 69 39 42 52 70))
(89 (61 5 60 99 28 96 57 65 33 92))
(35 (91 52 77))
(95 (9 80 76 10 77 14 45 50 23))
(12 (94 48 94 59))
(82 (34 33 34 41 59 41))
(52 (14 69 58 49))
(56 (76 99 67 80 15))
(35 (88 3))
(59 (64 91))
(62 (86 57 9 50 54 83 22 32 52))
(9 (93 14 50 15 25 42 67 72 76))
(42 (99 27 4 94 80 53 45 1 6 51))
(77 (37 82))
(1 (67 84 80 76))
(94 (15 15 32 6 73 88 59 27 21))
(69 (3 30 5 22 15 8 66 87))
(27 (14 93 88 71 70 3))
(34 (37 45 99 61 34 76 42 5 34))
(2 (82 52))
(57 (7 88 40 86))
(44 (17 40 67 2 75 17 75 6 29))
(53 (3 69))
(94 (55 93))
(32 (24 82 31 81))
(53 (99 35 99 41 48 75 54 82 60 30))
(89 (70))
(2 (95 7 37 9 94 60 57))
(89 (94 82 36 76 54 80 84 50))
(99 (15 60 21 32 44))
(18 (82 11 53 44))
(27 (5 48 94 37 26))
(72 (49 25 48 99 61 73))
(11 (75 92 83 93))
(42 (50 87 32))
(73 (17))
(2 (79 91 33 43 80 47))
(68 (11 70 49 92 98 28 56 64))
(54 (23 35 50 17 18 56 78 13 41 67))
(17 (5 47 3 95 14 73 43 86))
(33 (75 47 56 32 12 52 12 86 16 13))
(16 (70 90 46 97 13 10))
(32 (61 72 17 0 14 16 1 28 35 92))
(89 (85))
(79 (14))
(14 (93 85 55 89 90 91 91 55))
(38 (37))
(74 (32 67 44 32))
(92 (11))
(79 (56 73 97 99 3 12 19))
(80 (34 2 70 4 98 86 71 45 12))
(62 (41 42 24))
(88 (21 91 10 91 55 92 55 90 54 3))
(23 (99))
(36 (44 22 1))
(29 (37))
(64 (12 6 78 92 22))
(50 (87 62 46 59 55 89))
(100 (6 94 17 96 74))
(18 (2 47 87 29 40 80 71 72))
(48 (20 8 33 30 44 15 8 38 33))
(63 (40 12 20 91))
(91 (15 36 60 25 76 15 41 64 51))
(4 (84 34 15 27 34 78 70 69))
(9 (90 20 71 10 82))
(90 (50 96))
(15 (5 57 29 93 46 31 95 1 3 52))
(64 (74 94 49 55 5 6 90 18 97))
(79 (12 81 76 88 69 85 31 68 21 7))
(90 (18 39 63 84 84))
(31 (96 47 49))
(37 (66 92 84 93 52 13 9))
(25 (73 83 50 82 43 50 24))
(14 (70 64 6))
(39 (46 95 60 61 73 49 12))
(31 (67 12 4 98 77 65 21))
(12 (93 19 4 36 45 27 47 83))
(20 (11 14 61 10 10))
(10 (18 88 6 35 71 96))
(81 (16))
(99 (46))
(94 (30 97 66 8 46))
(59 (91 61 93 37))
(89 (1 63 53 55 99 94 89 28))
(48 (64 46 89 89 57 3 15 38))
(43 (92 76 62 78))
(19 (2 69 38 96))
(69 (72 24 77 42 12))
(1 (16 12))
(14 (49))
(38 (92 78 31))
(84 (65 91))
(62 (33 82 23 17 68 41))
(5 (0 73 18 3 98 29))
(4 (51 71 89 68 92 7 54 88))
(11 (25 50))
(70 (77 18))
(6 (14 47))
(94 (26 44 28 44))
(61 (19 39 48 82 65 4 33 12 90))
(41 (51 65 86))
(63 (96 36))
(35 (16 4 43 17 94 28))
(68 (14 28 19))
(68 (68 38 22 74 16 45 9))
(33 (82 89 2 25 42 33 83 49 3 85))
(10 (13 12 40 20 0))
(4 (60 20 74 89 10 38 3 79 70))
(56 (19 3 45 1 89))
(75 (47 83 33 15 50 35 68 15 27))
(92 (69 63 88))
(91 (62 68 88 53))
(16 (1 29))
(61 (29 22 29 20 34 46 15 39 96 13))
(82 (99 50 9 99 19 53 71 33 0 90))
(52 (83 69 65 28 54 79 85 38 49 88))
(76 (15 29 59 59 13 45 37 75 12))
(70 (89 40 65))
(29 (51 20 90 71 91 11))
(82 (49 16 87 53 45))
(76 (61 3 25 82 39 97 39 25 60))
(61 (6 69))
(82 (87 98 91 63 21 14 63 73))
(78 (56 79 13 62 48 58 82 59 96 44))
(70 (35))
(90 (44 20))
(84 (45 54 97 53 42 85))
(67 (23 29 74 32 18 54 49 70 61))
(46 (94 17 92 84 30 17 73))
(52 (24 26 82 47 88))
(59 (83 55 23 27 88 37 83 32 78))
(57 (12 31 96))
(73 (3 3 80 90 36 21 42 18 15))
(24 (91 17 0 47 32 59 77 26 77 14))
(68 (26 10 35 81 53 61 7 51))
(86 (19 5 60 69 71 80 19 94 83 71))
(28 (34 91 90 97 34 6 95 7 94 41))
(50 (47))
(62 (37 63 54 60 7 80))
(82 (83 3))
(72 (24 72 98 95 83 88 32 52))
(46 (60 63 83 65 75 25 39 97 75 25))
(80 (61 38 47 95 47))
(43 (52 66 14 67 80))
(49 (9 60 84 30 36 13 57 28 60))
(80 (15))
(24 (56 47 34 62 98 68 60))
(46 (60 39 87 18 60 85 38))
(24 (62 11 62 12 32 80 5 81 91))
(87 (55))
(59 (16 14 79))
(45 (51 12 79 37 83 99 87 77))
(21 (65 88 24 50 45 49))
(1 (49 41 8 40))
(65 (12))
(82 (0 57 32 49 71))
(63 (10 49 22 17 65))
(34 (88 72 39))
(34 (56 97 61 50))
(46 (0 89 61 14 6 33 79 72))
(90 (59 94 81 50))
(22 (52 90 88 48 69 11 16 74))
(40 (45 87 96 86))
(4 (12 13 62))
(15 (90))
(53 (52 2 30))
(65 (4))
(96 (96 23 68 99 10 25))
(51 (15))
(43 (78))
(72 (27 35 27 21 8))
(25 (94 77 64 4 6 96 93))
(31 (4 78 68 57 77 84 92 43 38))
(72 (40 67 99 86 43 36 53 77))
(24 (97 76 3))
(42 (3 94 84 48 98 18))
(9 (34 3 87))
(95 (29 9 87 99 46 56 11))
(37 (40 72 9 29 50 42 32 39 36))
(22 (93 49))
(15 (74 35 29 69 83 60 26 80 56))
(23 (15))
(69 (79 38))
(45 (46 99 43))
(58 (11 82 32 12 62 77 65 98 58))
(5 (7 75 38 98 21 37 94 71 82))
(83 (93 86 34 72 44 49 4))
(12 (93 67 48 41 9 89 25 79 99 6))
(62 (79 48 2 67 16 83))
(56 (49 86 94))
(18 (30 2 14 31 75))
(3 (6 70 75 64 5 56 94 26 51 87))
(76 (45 23 73 34))
(56 (7))
(82 (73 41 86 25 50 92 74 36))
(14 (94 8 18 73 40 11))
(75 (31 90 23 28))
(71 (58 26 63 99 91 77 38 34))
(60 (45 98 80 30))
(6 (43))
(63 (21 97 78 27 31 67 58))
(74 (11 97 79))
(69 (35 91 16 33 83 73 70 91 89 42))
(73 (29 6 86))
(35 (26 0 3 20 20 74 37 74 89 80))
(14 (72 35 78 63 51 37 41))
(26 (20 18 12 4 1 13 7 95 50 96))
(13 (12 66 77 37 45 10))
(89 (75 6 44))
(21 (71 56 88 89 26 65 66 32))
(82 (9 83 55 95 27))
(95 (6 51 18 41 12 27 59 22 76 1))
(51 (9))
(55 (70))
(53 (33 67 27 71 1 19 82 93))
(50 (69 27 1 11 36 71 51))
(94 (22 9 64 23 55 2))
(46 (76 96 35 34 6 88 73 89 56))
(92 (28 66 57 24 12 34))
(77 (30 44 38 44 15 39 44 91 62 97))
(6 (52))
(70 (13 51 67))
(26 (31 25 11 67 97 31 86 14 61 46))
(14 (25 0 34 83 69 81 85 92 17 18))
(82 (80 71 89 65))
(42 (25 80 68 0 94 35))
(61 (81 54 11 67 61))
(53 (81))
(42 (56 58))
(73 (84 80 51))
(16 (62 66 97 89))
(90 (71 88))
(87 (86 1 46 53 24 10 5))
(17 (37 5 5 94 87 38 34 91 27))
(17 (47 23 28 86 40 61 33 72))
(31 (65 65 90 75 44 86 32 15))
(2 (24 5 75))
(74 (76 32 79))
(5 (42 44 86 75 28 29 85 62 58 92))
(92 (54 25 59 54 80 25 14))
(25 (36 95 99))
(20 (35 90 27 49 32 44 11 7 25 98))
(83 (82))
(53 (38))
(91 (95 19 40 73 7 91 20 39))
(10 (84))
(21 (76 27 99 68))
(35 (36 21 19 85 27 62))
(73 (28 71 22 90 26 22 68 95 67 31))
(27 (11 40))
(71 (22 39 21 9 93 24 90 45 18))
(3 (22 1 89 44 35))
(11 (34 74 8 39 30))
(64 (39 96 61 66 98 69 33 65 63 26))
(44 (43 49 80 78))
(95 (93 99 1 75 48 63 70 46 67 58))
(29 (14 41 68 73 16 32 88))
(79 (54 16))
(54 (90 2 92 10 97 33 17 8 49))
(70 (85 10 49 63 60 75))
(72 (19 56 59 90 78 73 98))
(87 (25 37 72))
(89 (31 17 0 97 25 81 65))
(2 (54 88 84 35 43 57 54 79 27 13))
(75 (96 82 82 2 99 40 83 0 7 12))
(47 (80 81 81 91 40 93))
(33 (49 37 18))
(63 (90 30 24 88))
(80 (8 40 62 44 98 98 71 3 27 16))
(3 (0 59 89 14 92 11 0))
(85 (76 14 10 4 10 10 8 94 44))
(94 (35 67 22 6 43 42 42))
(7 (32 56))
(91 (39 55 20 23))
(15 (50 1))
(50 (21 10 97 54))
(87 (77))
(35 (47 56 76 17 31 16 57 15 24))
(41 (20 29 80 6 32 41 42))
(59 (83 79))
(61 (11))
(53 (32 62 20 93 39 89 30 82))
(63 (0 70 25 28 86 62 25 48 45 60))
(15 (82 61 20 13))
(99 (86 65))
(65 (95 96 43 93))
(56 (52))
(25 (89 2 5 70 29 69 4 36))
(63 (70))
(27 (26 83 40))
(24 (95 45 21))
(23 (36 29 79 86 31 56 54 99))
(67 (67))
(19 (24))
(6 (91 22 74 62 57 65 43 77 35 46))
(53 (8 19 66 6 47 22))
(75 (39 82 51 24 65 69 66 14 39))
(86 (45 54 23 59))
(97 (15))
(86 (4 40 12 82 8))
(100 (56 63 93 6 56 97 34 37))
(88 (32 50 37 32 25 39 97))
(5 (57 71 35 19 88 86))
(48 (49 67 48 15 31 28 65 12))
(42 (88 50 46 89 90 72))
(13 (98 39 10))
(88 (74 1 2))
(32 (47))
(24 (59 57 29 93 56 16))
(86 (41 33 30 77 23))
(65 (27 96))
(41 (33 93 56 14 86 26 24 8 57 2))
(3 (89))
(34 (88))
(78 (77 56 38 8 19))
(59 (4))
(68 (80 21 31 57 29 96 25))
(10 (68 45 38 35 98 3 92))
(92 (22))
(59 (10 46 29))
(66 (18 54 52))
(77 (99 81 61 78 7 86 71 10))
(78 (34 8 69))
(67 (52 6 22 21 61 5))
(20 (86 58 83 2 42 84 50 74 52))
(36 (78))
(87 (53 15 77 92 26))
(69 (32 41 83 79))
(67 (56))
(43 (41))
(10 (24 62 89 2 85))
(10 (49 58 51 26 20 75 69 79 21 1))
(11 (58 65 34 60 27 51))
(52 (60 96 27))
(100 (32 65 59))
(48 (36 11 97 91 40))
(65 (32 27 61))
(93 (63 26))
(76 (3 82))
(15 (80 57 31))
(39 (81 80 56 50 64 0 81 67))
(35 (37 38 41 81 33 64 14))
(24 (60 10 73 43 35))
(19 (35 42 74 42 36 18 38 52 38))
(90 (44 48 60 75 78 63 51 10))
(5 (6 26 65 40 49 63 25 92 28 54))
(24 (19 86 68 39 45 95 36 15 74 57))
(7 (68 53 96 83 56 32 2 11 58 51))
(75 (48 61 19 10))
(39 (96 23 35 48 82 77 11 53))
(98 (12))
(61 (95 68 14 43 8))
(97 (22 25))
(7 (31 11 55 73 64 88 6 3))
(87 (31 27 8 93 73 54 87 65 98 69))
(7 (54))
(6 (62 75 59 97 20 55))
(95 (86 55 88 26 29 27 61 95 73 44))
(21 (32 11 12 51 41))
(37 (3 73 66 49 71 15 15 59))
(58 (41 37 92))
(63 (57 6 69 69))
(14 (7 90 59 57 65 53 8))
(76 (91 39))
(28 (18 26 19 77 0))
(91 (60 41 15 5 28 83 60 27))
(8 (36))
(56 (52))
(31 (68 8 83 84 9 96 65 25 9))
(44 (60 23))
(73 (81 84))
(22 (45 65 38 55 21 56 68 20 43))
(63 (1 28))
(63 (11 42 80 41 57 6))
(89 (69 84 53 66 93 96 46 28 62 39))
(19 (26 60 77 47 38 94 41))
(9 (39 43 49 8 77 58 86))
(49 (72 71 80 30))
(4 (41 73 3 28 91 3 21))
(80 (78 76 85 13 48 95 48 93 1))
(59 (54 45 12 61 82 97 89 66 74))
(52 (39 71 6 99 74))
(17 (48 74 35 53 73 95 31 5))
(45 (64 6 19))
(50 (83 90 26 44 54 83 43 77 10 25))
(72 (70 61 4 46 84 95))
(77 (8 73 90 78 85 87 52 2 2 84))
(3 (28 9 14 69 86 10 62 25 83))
(24 (15 14 22 6 78 40 48))
(73 (26 0 87))
(92 (52 47 63 99 62 71 38 92))
(63 (94 47 0 69 73 31 7))
(70 (8 26 96 8 3 39))
(46 (78 37 44 18 84 81 18 75 39))
(30 (76 7 47 77 27 0))
(50 (6 59 28 26 21 12 19))
(54 (13 69 85 86))
(37 (65 88 49 95 10 92 93 40 44 27))
(70 (96 45 58 30 48 42 63 80 60))
(30 (51 52 99 76 96))
(24 (12))
(43 (11 49 51 3 4 29))
(98 (93 40 13 65))
(25 (12 30 82 55 79 46))
(84 (54 62 81 35 44 51))
(93 (15 37 5 28 62 82 7 39 31 25))
(39 (35 67 93 18 57 73 39 5 27 85))
(24 (2))
(58 (69 29 76 79 10 63 75 4))
(93 (3 59 6 27 81 20 50))
(88 (97 45 90 56 3 4 37 45 89))
(5 (44 21 3 21))
(21 (74 94))
(73 (49 59 67))
(71 (22 79 57 93 18))
(10 (65 44 87 2 8 88))
(50 (99 34 85))
(84 (83 30 97 64 39 82 14 35 96 75))
(43 (31 32 88 10 81 36 64 66 87 61))
(65 (29))
(9 (54 0 61 54 8))
(45 (74 78 99))
(90 (63 75 68 77 10 82 55 69 46 64))
(44 (42))
(77 (42 51 45))
(39 (4 88 53 84 71 84 52 81))
(82 (36 73 89 87 39 79))
(47 (28 87 49 71 69 44))
(96 (60 24 26 95 46 50 98 37))
(53 (31 58 25 79 64 39 90 89 22 73))
(8 (13 11 84 76 41))
(70 (59 93 35 37 28 16 29 35 30 61))
(57 (68 23 68 90 40))
(78 (48 84 3 54 6 41 7))
(12 (2 78 86))
(22 (87 62 88 85 21 56 82 42))
(67 (11 66))
(4 (14 72 43 24 66 95 56))
(49 (7 21 96 0 91 32 33 27))
(12 (77 72 30 68))
(27 (9 34 61 38 24 18 1 77 39 23))
(77 (61 50 82 98))
(100 (36 25 45 26 7 78 44 17))
(73 (53 74 18 54 67))
(93 (95 13))
(62 (86 26 19 70 94 20 92))
(23 (42 21 78 69 10 78 12 10 84 10))
(10 (28 82 69 59 56))
(52 (61 63 37 95 79 47 12))
(55 (29 35 65))
(29 (74 8 84 67 12))
(79 (49 23))
(64 (78 67 43 82 95 34))
(14 (7 92 90 54))
(64 (87 96 45 32 21))
(55 (6 28))
(53 (37 91 27 96 21 0 23 15))
(12 (75 51 4 26 32 3 10 76 28 21))
(64 (68 1 92 15 77 36 79 83))
(13 (11 16 17 94 90 84))
(79 (38 81 36 44 48 78))
(39 (29 97 24 6 27))
(86 (81 67 77 66 24 91 17 72))
(66 (96))
(83 (65 42 33 32 54))
(3 (47 14 65 5 61 60 91 70 5))
(53 (21 74 74 76 74 89 84))
(4 (74 24 72 76 96 90 40 4))
(65 (82 58 91 38 62 28))
(49 (12 41 80 41 19 24 91 4 35))
(10 (26 19 74 81 27 37 75 20))
(49 (70 88 59 46 12 48 2))
(27 (8))
(58 (84 61 65 95 51))
(83 (78 56 59 80 62))
(61 (42 54 53 96 76 96 81 22))
(40 (55 92 73 74 25 46 65))
(79 (46 93 87 55 55 58 4))
(46 (23 96))
(99 (2 99 39 55 41 90 27 71 11 98))
(66 (0 62 28 1 96 89 87 46 33 24))
(60 (81 2 24 37 27 3))
(79 (41 78 19 37 8 95 31 65 4 52))
(74 (98 31 39 13))
(17 (88 87))
(13 (62))
(6 (88 45 89 62 30))
(32 (18))
(53 (36 42 8))
(19 (46 59 21 28 89 98 17 70 99 54))
(70 (38 69))
(51 (68 87 54 75 18 61 54 50))
(52 (58 9 8 18 36 87))
(22 (80))
(25 (11 44 56 16))
(57 (46 91 28 82 68 21 59 82 5 34))
(70 (67 92 97 29 48 18 1))
(45 (45 24))
(33 (0))
(41 (28 36 9 74 62 62))
(97 (46 57 14))
(28 (99 65))
(49 (40 9 21 61))
(40 (25 48))
(64 (69 5))
(19 (72 78 17 82 59))
(2 (45 21 58 19 41 98))
(94 (66 42 3 32 74 31 20))
(95 (11 25 11 31))
(84 (99 29 81))
(62 (7 95 1 56 28 12 85 93))
(38 (85 22 88 62 4 9 62 65 43 80))
(86 (15 31 9 92 75 44 21 56 28 16))
(53 (77 32 59 0 69))
(27 (82))
(11 (42 69 94 77 16 59 14 61 40))
(9 (5 62))
(35 (33 13 80 63 75))
(98 (84 60 89 14))
(25 (4))
(20 (63 33))
(55 (56 98 98 41 87 5 16 59))
(32 (6 28 96 40 31 91 94 12))
(82 (97 44 63))
(90 (7 78 7 39 35 58 6 48 81))
(58 (46 43 0 84 43 72 74 82 4 94))
(2 (75 18 19 65))
(65 (91 25 5 1 24 3 26 14 68 73))
(71 (88 76 66 62 43 86 3))
(38 (29 24 67 95 24 30))
(22 (62 10 23 78 84 41 53))
(25 (31 35 7 62 34 7 54))
(60 (49 85))
(16 (57 15))
(26 (75 38 35 97 62))
(66 (22 50 63 24))
(62 (99 46 78 66 60 72 19 38))
(38 (11))
(46 (61 17 76 61 34 98 75 57 58))
(26 (46 21 13 51 87 50 23 87))
(66 (43 9))
(85 (32 65 74 70 60 36 0 13))
(20 (28))
(28 (10 32 12))
(28 (98 25 17 63 32 23 23 76))
(88 (48 13 47 5))
(15 (12 96 12 13 72))
(19 (60 18 98 20 62))
(6 (79 2 75 47 38 89 73 67 87))
(81 (37 40 71 29 68 48 68 69))
(38 (28 73 92 86))
(9 (99 18 27 15 58 76 1 62 45))
(25 (65))
(57 (7 46 75 75))
(80 (62 65 13 74 95 1 85 95))
(84 (72 8 23 21 39 58 42))
(66 (2 1 19 14 73))
(89 (9 97 69 45 40))
(40 (81 19 70 64))
(60 (40 35 44 20 87 93 58 57))
(54 (40 73 73 67 91 62 43 86))
(100 (26 93 11 84 22))
(77 (56 45 45 11 76 52 45 30))
(2 (52 75 58 0 36 28 17 2))
(25 (67 78 91 9 48 44 55 52 97 70))
(42 (55 81))
(52 (95 40 89 33 80 70 40 30 7 56))
(29 (47 61 39 84 32 36 20 52))
(97 (61 8 23 71 65 39 26))
(31 (29 16 92 53 82))
(30 (68 35 26))
(80 (80 63))
(7 (19 63 62 65 10 44 55 25 21))
(19 (63 41 14))
(22 (53 96 83 61 72 32 49 13 91))
(26 (47 93 57 42 72 56))
(48 (35 16 7 59 87))
(91 (84 63 78 56 97 60 71))
(2 (9 6 41 85 84 75 27 57 6))
(97 (40 1 70 73 17 47 72 2))
(28 (91 30 9 17 17 75 40 40 6))
(57 (78 89 14 37 21 89 39 65 19))
(28 (59 51 0 55 39 80 7 32 12 66))
(66 (78))
(62 (95 38 32 4 23 39))
(65 (43))
(35 (4 66 58 59 90 13 17 79 78 70))
(15 (80 36 9 27 78 74 45 90 85 45))
(48 (84 40 95 22 52 91 70 98 68 94))
(50 (15 85 10 20 54 36 1 33))
(91 (85 47 43 12 48 86 26 61 45))
(63 (5 46 28 63 3 48 33 15 39))
(58 (67 28 50 84 65))
(48 (4 72 2 93 52 50))
(48 (51 86 19 26 0 30 29 48 19 26))
(47 (86 2 65 49 97 40 77 28))
(32 (20 18 85 87 62 46 41 34 96))
(42 (60 8 62 79 45 82 6 83 18))
(68 (84 22 25))
(98 (97 35 6))
(21 (99 47 50 6 25 89 46 8 67))
(38 (3 32 62))
(70 (78 88 14))
(34 (84 95 55 57 19))
(99 (68 64 50 77 17))
(97 (94 72 4 71 60 63 61 32 36))
(59 (25 75 88 36))
(98 (52 89 12))
(2 (78))
(26 (16 52 45))
(21 (22 51 72 3 8 29 61 56 31))
(43 (46 28 91 94 20 11 18))
(87 (90 98 79 47 84 86 75 4 89))
(94 (13 13 86 40))
(23 (33 59 95 7))
(35 (12 75 68 76 60))
(45 (90 55 18 75 4))
(34 (94 78))
(86 (6 85 17 81 31))
(66 (86 44 19 78 42 24 8))
(1 (95 39 49 85 0))
(79 (57))
(15 (16 15 25 26 7 4))
(2 (6 14 27 76 51 74 74 21 58))
(46 (89 42 28 85 46 41 54))
(6 (58 0 48 10 1 79 81 60 19 25))
(86 (60 82 42 23))
(32 (0 6))
(50 (51 78))
(28 (2))
(81 (47 65 63 13 97 8 44 30 65 25))
(77 (33 7 12 50 90 37 39 7))
(51 (41 20))
(34 (90 21 12 74 80))
(12 (12 19 96))
(58 (17 14 51 85 9 9 95 55 74 14))
(60 (29))
(42 (83 64 47))
(36 (97 51 6 75 88))
(18 (50 59 46 35 43 30))
(88 (12 63 44 43))
(94 (83 43 67 55 44 32 57 4))
(68 (9 69 75 34 42 25 51))
(85 (87 90 95 12))
(10 (27 44 36 36 52 20 1 40 74 53))
(51 (66 45 60 38 49 48 22 90 38))
(91 (91 46 26 65 44 65 9 1 76 43))
(45 (61 6 10))
(5 (8 41 90 80 17))
(91 (75 68 24 20 79 79 81))
(91 (26 73))
(2 (97))
(17 (94 37 70 77 41 69 75))
(77 (21 29))
(55 (43 63 77 59 24 73 0 15 48 63))
(100 (94 71 98 87))
(29 (24 41 36 81 76 86 36 16 77))
(65 (41 70 78 45 88 81))
(6 (80 24 86 36 55))
(89 (12 21 85 48 81 66 63 44))
(49 (78 84 12 16 92 51))
(22 (49 69 76 5 4 16 97 0 31 5))
(38 (65 29 17 69 95 70 56))
(67 (12 69 4 55 17 96 6 24 32))
(42 (0 90 90 6 29))
(81 (82 34))
(96 (68 12 17 72))
(100 (46 13 49 15))
(96 (85))
(100 (33 80 85 33 22 19 62 37 44 78))
(79 (62 43 44 94 20 25 41 17 1 82))
(91 (58 60 62))
(66 (35))
(71 (67 67 26 51 49 1 53 96))
(83 (14 12 93 8 21 96 23 16))
(74 (99 40 62 69 35 9 8 26 29 31))
(64 (8 98 50 40 53 77 11 1 42))
(49 (58 3 57 22 58 53 87))
(1 (34 9 50))
(49 (49 9 84 68 74 46 82))
(47 (98 36 51 66))
(65 (17 57 11 1))
(16 (85 77 34 16 81 26 31))
(97 (1 91 78 63 31 77 33 46))
(50 (33 55))
(51 (56 58))
(55 (84 18))
(44 (43))
(46 (27 93 19 89 56 30 39 23))
(69 (84 15 99 28 75))
(90 (72 11 45 40 8 63))
(100 (64))
(42 (1 30 92))
(8 (97))
(4 (40 30 67 46 71 75 35 48 76))
(56 (14 9))
(92 (70 50 36))
(91 (94 30 40))
(60 (1 74 76))
(89 (79 40 86 18))
(81 (77 6 86))
(43 (83 68))
(67 (16 29 72 8 74 63 92 44 58))
(60 (47 95 48 4 29 8 38))
(86 (65 5 53 32 89 10 52 38 63 13))
(78 (17 19 79 52 76 5 73 27 68))
(2 (61 7 79 49 81 58 15))
(73 (84 30 62 58 24 58 60))
(91 (6 16))
(94 (83))
(83 (91 52 54 16 10 4 52 65 33))
(10 (19 77 49 80))
(78 (69 39 26 49))
(47 (72))
(90 (25 82 18 29 84 87 27 61 70))
(90 (16 88 59 47 43 53 11 83))
(50 (79 28 30 79))
(60 (57 96 6 57 27 87 47 72 67 58))
(73 (42 10))
(15 (19 19 62 97))
(14 (9 96 9 6))
(53 (20 58 32 85))
(45 (15 58 43 67 42 91 34 77 94))
(7 (55 4 81 39 21))
(8 (76 87 66))
(6 (47 59 30 64 37 65 5))
(51 (95 8 33 11 98 47))
(82 (18 85 33 23 51 93 54 15 36))
(21 (53 20 17 95 43 28 42))
(24 (5 15 13 61))
(61 (52 88 87 48 61 70 2 60 60 13))
(79 (89 40 66 93 33 89 35 90))
(72 (28 50 84 38 50))
(28 (70 26 47 73 77 38 67 6 98 93))
(43 (16 92 59 60 53 61 72 15))
(17 (28))
(98 (39 25))
(2 (15 87 64 77 72))
(92 (67 51 86))
(38 (56 4 16 88 35))
(18 (18 91 28 20 98))
(51 (5 27 25 29))
(58 (51 73 11 36 48 89 99 96 80))
(98 (33 48 17 50 64 69 10 25 26))
(5 (19 20 65 58 35))
(76 (49 26 43 66))
(41 (23 37 1 19 30))
(11 (77 24 95))
(44 (52 29 63 56 31 70))
(45 (39 37 85 17))
(63 (36 34 40))
(30 (55 98 76 99 24 30 53))
(40 (24))
(42 (44 9 31 62 59))
(66 (16 28 53))
(92 (82 87))
(45 (97 12 44 9 40 46 3 18 89 46))
(46 (87 50 91 53 18 23 20 13 75))
(10 (6 27 86 96))
(96 (40 70 92 78 55 20 2 91 78 92))
(93 (27 62 37 75 8))
(28 (83 0 17 96 17 68 41 76 23))
(86 (38))
(97 (38 51 1 14 0 46 8 52))
(37 (35 66 94 84 7 16 90))
(10 (78 97 52 62 24))
(38 (8))
(38 (71 84 8 76 51 92 82))
(20 (79 17 4 21 19 40 79 48 29))
(19 (4 38 53 8 1))
(4 (45 39 32 82))
(26 (11 32 34 58))
(21 (60 21 62 10 91 79 22))
(37 (75 54 32 71 16 21 82 26))
(62 (58 88 27))
(44 (50 7 46 86 45 58 83 41))
(34 (37 49 81 39 37 84))
(10 (32 66 71))
(100 (73 19 86 39 65 67 33 40))
(70 (49 19 44 37))
(72 (16 76 82 38 28))
(86 (17 3 87 17 30 65 38 92 34 14))
(70 (4))
(84 (55))
(20 (79 92 64 73 94 89 78 41))
(98 (75 13 46))
(95 (1 6 48 36 16 29 1))
(33 (13 65))
(94 (41 35 45))
(76 (15))
(74 (55 99 14 99))
(53 (67 14 70 67 29 37 56 1 88 70))
(92 (34 42 81 26 7 37 59))
(41 (24 9 47 28 39 66 69 37 89 64))
(49 (90 46 75 86 59))
(33 (10 42 71 98 34 6))
(32 (93 17 33 76 45 7))
(93 (43 76 94 17 1 40))
(59 (73 81 51 63 92))
(26 (19 31 48 74 10 88 72 7 90 58))
(70 (1 74 27 27 85 64 47 94 25))
(77 (97))
(10 (69 4 73))
(63 (11 30 99 7 8 24))
(84 (11 93 19 57 6 74 49 88))
(26 (12 38 83 77 38))
(77 (50 17 48 77 33 78 22 36 37 23))
(82 (3 3 84 62 47 82 18 57 93 32))
(58 (26 91 7))
(20 (43 42 98 35 69))
(70 (16 99 21 55 9))
(98 (30 50 22 98))
(56 (43 14 15 73 8 91 99 55 16))
(48 (58 40 69 33 34 33 89))
(9 (13 55 7 14 77 31 69 48 29))
(34 (65))
(7 (66 48 65 49 53 68 98 25 39 97))
(74 (71 22 9 74 13))
(29 (74 93 50 91 79 79 18 91))
(88 (35 69))
(95 (19 16 79 24 61 62 96 78 92))
(29 (85 6 67 5 27 65))
(40 (28 84 59 39 3))
(61 (4 82))
(32 (49 99 65))
(27 (50 85 56 94 44 68 55 20 43 15))
(72 (10 49 42 32 59))
(51 (95 33 61 10 9 25))
(69 (74 98 90 87 93 7 19))
(55 (53 69 24 44 57 93 96 20 45))
(95 (98 31 59 93 58))
(60 (95 9 59 78 31))
(8 (33 68 87 12 35))
(50 (3 53 72 42 33 26 66 69 83 19))
(69 (47 97 29 66 20 40 41 6 57 91))
(64 (99 35 43 45 90 35 92))
(46 (93 49 64 84))
(56 (47 8))
(82 (66 38 46 53))
(70 (55 12 38 16 32))
(71 (70 38 9 72 47 82 94 4 28))
(81 (46 12 18))
(49 (23))
(63 (99 26 17))
(62 (54 64 49 89 55 50 36 47 54))
(20 (23 17))
(86 (46 42 5 21 41 66 92 73))
(58 (48 14 87 6 68 95 91))
(79 (83 18 85 49 20 57 35 64 23))
(87 (28 18 77 21 13 25))
(85 (40 31 38 33 91 49 23))
(28 (83 83 38 55 64 27 84))
(72 (88 27 53 50))
(49 (31 67 42 93))
(35 (39 94 12 4 63))
(18 (32 64 2 86 63 77 78 56))
(97 (72))
(61 (42 41 98))
(26 (46 5 17 98 85))
(70 (84 81 64 72 63 1))
(99 (71 42 29 72 50 49 12 65 24))
(68 (68 59 93 45 10 94))
(43 (21 94 15))
(37 (33 64 20 52))
(57 (85 81 41 29))
(24 (21 78))
(51 (73 60 92))
(5 (82 52 58 78 63 1 86 78 18))
(21 (69 23 37 45 72 16 79))
(59 (58 63 47 31 38 19 66 93))
(85 (17 23 31 48 55 11 7 46 45 4))
(98 (52 93 69))
(96 (19 30 64 4 47))
(36 (26 57 8 36 58 12 55))
(77 (89))
(97 (45 54))
(43 (81 91))
(88 (7 66 98 46 66 36 55))
(58 (15 42 62 71 5))
(37 (89 4 26 51 70))
(25 (30 72 61 67 66 89))
(99 (31 21 57 94 92 13 75))
(69 (54 41 26 85 52))
(60 (13 76))
(8 (26 84 82 81 39 11 28 61 98))
(43 (96 60 45 49))
(27 (65 28 30 90))
(56 (57 61 26))
(42 (50 17 62 64 99 34))
(39 (74 66))
(29 (2 97 2))
(77 (36 95 23 98 5 54))
(99 (55))
(67 (89 83 63 94 9 68 42))
(50 (66 37 43 27))
(55 (81))
(85 (8 74 9 96 57 94 77 88 86))
(17 (91 94 0 95 46 42))
(32 (57 44 65 81 89 83 66 67 7 28))
(54 (37 7 74 18 56 91 17 43 29))
(55 (89 85))
(78 (81))
(94 (26 83 19 41 63 40 42))
(65 (52 78 13 21 76 71 35 24 35 49))
(70 (54 28 3 3 20 88 60 23 36 94))
(4 (82 10 41 85 64 46 7 13))
(9 (69 68 47))
(44 (80 91 34 95))
(51 (68 3 31 82 37 89 16 54))
(30 (1 82 37 29))
(7 (82 25 53 1 89 26 46 36))
(72 (7 65 86 61 37 6 97 13))
(44 (74 91 32))
(71 (7 25))
(54 (95 55 9 69 40 77 81 32))
(15 (90 72 90 10 95 24))
(41 (74 51 57 92 82))
(68 (45 91 83 82 23 6))
(23 (17 64 56 88 50))
(11 (31 35 80 14 52 5 47))
(13 (74 17 67 84 39 65 32 5 59))
(33 (89 84 73 37 49 75 1 5 32))
(23 (20 24 1 84 50 82 64 27 95 32))
(49 (33))
(93 (17 56 45 99 44 88 65 54 15))
(40 (57 76 24 67 48))
(63 (97 69 21 9 71 38 80 58))
(91 (77 28 17 36))
(61 (13 28 20 34 62))
(15 (90 11 2))
(27 (24 13))
(79 (46 21 83 82 43 21 73 26 27 50))
(60 (91))
(42 (21 40 88 58))
(36 (69 26 47 25 2 81))
(96 (74 5 50))
(64 (51 45 17 33 71 56 4 24 19))
(11 (73 14 97))
(23 (48 16 27 0 16 69 70))
(20 (73 82 63 30 26 25 22 38 71))
(42 (52 71 92 51 42 42 4 67 25 63))
(53 (37 57 78 24 50))
(15 (44))
(28 (60 54 31 57 62 95 46 44))
(65 (18 31 62))
(44 (78 40 64 58 8 89 67 56 35 15))
(58 (86))
(37 (81 75 63 66 47 14 41))
(76 (62 4 88 31 28 64))
(62 (77 90 30 57 85 32 82 6 2 45))
(63 (5 68 71 95 31 46 67 19))
(55 (63 44 14 59 74))
(60 (6 91 6 39 47 7))
(79 (96 65 31 35 51 23 45 29 37))
(93 (13 26 32 99 54 8 72))
(33 (21 13 73 68 69 82 58 41 58 45))
(33 (5 22 81 54 70 37 14))
(63 (9 66 56 10 59))
(100 (30 95 35 35))
(69 (65 86 17 25 8 33 59 81 38 17))
(64 (84 94 46 88))
(1 (22 85 1 66 95))
(35 (94 84 14 0 22 30))
(99 (13 4 97))
(52 (55 59 8 45 90 25))
(9 (11 23 97 51 79))
(25 (2 26 4))
(80 (21 90 14 85 32))
(4 (80 29))
(36 (84 51 52 22 57 92 27 97))
(48 (99 96 49 27 40))
(62 (22 78 45 49 21 87 5 65))
(73 (5 64 86 26 70 17 94 58 51 32))
(31 (26 29 5))
(31 (53 66 18 75))
(23 (47))
(99 (73 91 65 23 45))
(59 (46 44 43 91 30 87))
(75 (56 2 32 89 71 72 21))
(70 (18 23 5 71 95 26))
(74 (87 7 72 17 39 33 58 25))
(28 (10 59 2 66 99 37 85 60))
(11 (23 83 83))
(21 (19 74 49 92 25 5 58 94 28))
(29 (6 31 55 58 77 76 90 69 33))
(44 (41 40 45 83 95 64 11 87 60))
(91 (24 83 20 81 96 77 42 42 9))
(76 (23))
(4 (27 68 10 88 4 47 23 53 57 2))
(28 (57 41 86 44 26))
(5 (41 21 75 53 31))
(20 (53 82 2 21 11))
(96 (19 25 45 92 25 43 61 5 93))
(72 (72 23 42 76 41 79 67))
(99 (37 14 14 87))
(29 (95 1 90 26 48 63))
(20 (26))
(24 (40 18))
(31 (81 3 41 24 4 40 37 1))
(33 (76 1 4 74 4 75 95 86 39))
(24 (80 95 25 77 37 7 32 12 20 40))
(12 (71))
(92 (49))
(53 (16 10 53 46 25 53 80))
(52 (46 9 15 10 30 45 51 2 98))
(56 (57 22 62 22 91 19 43 2 53))
(49 (63))
(38 (48 79 45 45 29 99 85 53 7))
(39 (41 53 28 35 59 0 94))
(62 (11 55 0 42 98 8 31))
(71 (1 55 88))
(24 (6 20 19 2 51 75 85))
(70 (91 61 0))
(18 (49 5 42 58 73 75 47 20 97 81))
(68 (42 10))
(67 (45 38 31 63 0 33 22 38 32 10))
(43 (84 31 78 26 5))
(32 (95 21))
(27 (96 52 96))
(52 (58 31 72))
(15 (25 69 57 35))
(68 (95 13 45 80 84 58 37 67 31 16))
(15 (13))
(75 (15 68 20 17 13 76 94))
(22 (61 96 10 53 46 60 56 5 45 16))
(25 (36 34 67 91 31 78 98))
(90 (21 50 8 35 30 96 16))
(60 (18 10 4 93 69 5 7 39 69))
(43 (77 97 20 55 72 93))
(18 (79 9 61 0 72))
(81 (48 97 30 53 29 24 51))
(28 (14 98 69 43 78 30 57 97))
(31 (50 55 15 24 94 92 4))
(6 (83 34 45 38 92 50 58 80))
(80 (98 33 20 30 78 70 5 97 46))
(28 (62 32 46 93))
(61 (20 96 69 94))
(33 (94 51 58 71 5 54 26 7))
(56 (27 29 11 61))
(64 (30 27 3 73 77 20))
(51 (39 37 13 25 53))
(63 (51 90 63 92 36 14 55 26 49))
(87 (79 47 66 67 27 93))
(50 (59 51 29 49))
(49 (3 37 81 75 93 5))
(28 (3 91 38 7 51 63 80 25 52))
(68 (23 25 95 97 69 12 70))
(52 (34 24 71 36 75))
(72 (62 59 67 89))
(89 (30 97 44 89))
(13 (86 35 65))
(84 (83 41 23 97))
(89 (47 3 2))
(8 (16 9 11 1 81 74 38 83 44 36))
(94 (89))
(7 (58 45 79 62))
(54 (97 56 24 87))
(49 (64))
(66 (71))
(98 (7 93 78 94 17 51 52 59 21 31))
(8 (30 63 37 94 63 75 63 5))
(50 (67 21 54 89 19 30))
(40 (58))
(28 (36 65 36 37 42 59))
(64 (28 48 60 53 60 80 24 89 20))
(73 (88 8 43 15 82 54 41 31 31 81))
(2 (68))
(88 (35 43 10 74 71 88))
(31 (21 25 32 65 34 91 1 20 97 33))
(100 (17 5))
(27 (55 38 85 86 45 97 89 16 6))
(31 (46 24))
(63 (72 30 81 3 25))
(15 (54 23 65 11 48))
(11 (97 55 63 21 75 10))
(10 (76 74 46 16 37 12 95))
(72 (6 88 35 70 17 78 80 6 10 32))
(83 (11 80 71 64))
(33 (76 71))
(74 (10 21 92 44 61 2 75 27 5))
(56 (74 81 13 87 71 67 52 93 69))
(83 (47 5 3))
(20 (3 28 21 59 23 52 14 2))
(56 (13 3 19 3 20 99 69))
(34 (23))
(5 (75 11 14 32 54))
(89 (55 87 96 51 99 77 28 98 33))
(58 (60 97 67 62 13 2 30 79 85 99))
(66 (55))
(86 (10 38 47 14 49 99 63))
(84 (79 61 29 12 48 89))
(65 (57 22 53 1))
(39 (78 59 85 33 44 45 22 8))
(57 (90 64 50 68 26 45))
(82 (13 41))
(44 (54 45 8 6 52 56 25 41))
(98 (36 18 98))
(45 (47 88 53 95 55 66 65 40 52 61))
(14 (17 17 87 89 15 67 82 95))
(64 (42 32 73 25 0 17 75 37))
(95 (71 59 7 9 67 85 13 70))
(41 (93 20 46 80))
(87 (47 28 9 65 56 79 78 47 69 85))
(41 (55 62 52 5 93))
(53 (59 14 27))
(75 (61 92 58))
(33 (88 12 10 13 42 83 17 76 31))
(83 (82 54 43 36 84 17))
(21 (89 43 52 56))
(61 (83 74))
(43 (5 20 19 43 30 98))
(93 (83 45))
(26 (92 88))
(29 (80 49 23 30 68 28 11 67))
(97 (8 16 22 32 41))
(44 (81 69 18 18 34 93 2 88))
(53 (13 28 21 89 90 24 38 40 65 49))
(59 (58 66 61))
(100 (17 93 99 78 98 90 34 88 44 60))
(21 (25 66 77 89 58 61 13 35 88 45))
(39 (61 79 46 35 77))
(38 (29 85 68))
(43 (90 49 48 77 69 52 17))
(20 (62 73 10 85 38 42 41 17))
(77 (74 58 17 18 83 52))
(35 (19 96 87 86 71))
(38 (64 30 45 28 93 22 50))
(54 (55 32 67 43 44 86 94 60 29))
(97 (87 81 40 64 74 76 71 39 93))
(93 (62 20 41 86 83))
(97 (27))
(30 (85 9 89 62 19))
(36 (61 33 21 0 74 12 30 91))
(77 (62 89 27 54 73 93 46))
(64 (98 29 23 90 87 9))
(46 (63))
(43 (42 75 92 20))
(52 (12 11 41 3 38 51))
(86 (68 73 61 85 33 52 45))
(38 (55 94 52 81))
(72 (27 84 47 81 43 40 81 68))
(30 (58 77 64 1 74))
(39 (89 14 66))
(84 (88 66 27))
(80 (20 29 17 44 39 49 24 94 53 99))
(13 (35 46 59 61 38 15 51))
(55 (75 24 28 18 43 19 1 22 74 83))
(34 (68 47 9))
(97 (75 31 73 7 27 74 58 53))
(68 (89 30 1 89 95))
(10 (76 68 72 41 35 57 6 65 35 24))
(64 (24 82 26))
(31 (25 66 83 34 73 84 51 88))
(69 (30 71 82 4 50))
(57 (61 40 26 37 83 2 29 20))
(44 (36 15 30 71 14 85))
(30 (91))
(57 (80 55))
(85 (78 37 97 82))
(49 (21 15 62 99))
(7 (16 92 39 7 4 41 40 62))
(87 (90))
(86 (70 31 37 4))
(61 (32 65 68 46))
(4 (58 92 73))
(80 (40 14 47 90 25 41 57))
(67 (22 18))
(30 (87 13 37 18 13 81 70 56))
(95 (50 29 52 90 21 88 67 18 25))
(53 (56 17 38))
(79 (91 34 74))
(45 (57 60 98 96 76))
(55 (89 10 49 85 57 75 9 55 62))
(49 (42 33 44 25))
(46 (76 77 11 96 54 33 23))
(43 (39 84 74 21 66 63))
(58 (92 60 10))
(80 (34))
(11 (31 49 84 60 92 42 39))
(34 (7 44 89 21 76))
(96 (7 52 73 30))
(72 (97 66 85 48 63 89 68 83 39 75))
(12 (10 55 15 89 47))
(34 (19 78 44 90 59))
(76 (58 86 94 71 57 90 36 0 70 52))
(32 (49 80 75 47 93 88 92 67 57 62))
(19 (0 3 6 3 64 66 0))
(100 (67 2 33 34 10))
(57 (57 37 76 58 11 28 95))
(5 (40 15 12))
(70 (29 10 66))
(99 (43 57 21 6 2 12 55 25))
(34 (96 33 19 20 14 32 78 19))
(13 (11 47 33 67 30 52))
(47 (87 97 18))
(26 (16 14 6 40 14 65))
(3 (37 93))
(63 (42 87 16 29 85 48 91 94))
(86 (47))
(53 (40 59 35 24 17 89 39 35 4 16))
(6 (6 42 76 30 45 56))
(59 (87 59 22 10 96 52 47 88))
(55 (71 87))
(5 (4 55 75))
(66 (85 20 76 76 31 56 14 91))
(82 (41 81 57 70 73 26 47 57 53 59))
(2 (20 78 74 30 55 35 68))
(8 (73 14 97 55 48 8 55 7))
(18 (90 1 2 68 56 69 13 40 13))
(50 (60 4))
(57 (5))
(31 (54 38 58 94 13 65))
(100 (59 49))
(65 (74 14 33))
(23 (33 83 33))
(74 (91 97 8 91 8))
(74 (12 57 14 28 63 54))
(6 (28 29 33 23 38 91 51 61 19 92))
(62 (71 55 18 17 58 83 54 65 30))
(96 (71 82 11 74 12 41))
(72 (59 78 75 44 37))
(13 (84 45 22 32 54 25 1 46 68))
(86 (0 60 79 15 17 75 39 30))
(71 (81 29 7 94))
(17 (2 93 86 48 94))
(8 (6 61 55))
(6 (39 92 33))
(55 (29 50 31 97 56 48 57 0))
(85 (27 94 57))
(50 (68 82 56 76 77 69 44 55 60))
(27 (62 77 98))
(22 (15 86 93 91 3 57 28 10 35 88))
(1 (6 83 6 78 45 4 36 32))
(49 (52 6 78 31 13 32 67 75 91))
(53 (40 18))
(75 (16 8 92 97 53 28))
(6 (79 63 12 92 19 10 70))
(35 (8 46 40))
(4 (61 76 81 32 33 29))
(60 (51 58 42 92 1 62 42))
(40 (81 28 75 84 99 82 46 5))
(95 (45 56 74 88 41))
(39 (8 83 62 47 69 18 25))
(20 (37 44 41 1))
(7 (28 61 13 88 21))
(83 (78 55 92 74 44 40 14 39 29))
(95 (87 54 77 53 26 88 8))
(65 (12 97 41))
(67 (19 22 18 67 39))
(79 (53 51 3 83 13 69 6))
(10 (66 42 89))
(24 (8 20 51 88))
(32 (90 61 12 60 88 88 61))
(80 (93 38 3))
(98 (92 85 76 4 76 6 44 28))
(96 (67 17 17))
(12 (70 59 51 15 30 69 25 54 5 83))
(28 (93 34 66))
(63 (38 48 91 55 76 33 4))
(61 (45 46 23 55 83 33 55 31 52 88))
(62 (56 43 32 4 10 4 89 78))
(55 (61 13 22 25 26 29 77 16 78 70))
(41 (50 15 20 52 62 51 93 41 53 80))
(35 (15 15 62))
(57 (24 39))
(99 (31 46 38 42 29 66 38 44 31 73))
(83 (23 89))
(5 (15 8 76 9 24 69 3 92 57 1))
(74 (3 17 24 16 29))
(90 (22 39 60 47 47 81 84))
(48 (59 83 43 56 88 69))
(38 (19 15 61 23 69 41 50 22))
(36 (11 40 20 14 84 16 60 98 28 21))
(79 (59 54 32 15))
(71 (66 84 87 95 79 15 24 22 64))
(48 (32 86 43 45 34 97 4 46 36))
(72 (93 12 61 61 39 51 54 14))
(14 (74 31 7 62 4 77 70))
(79 (99 91 52 59 96 74 87))
(99 (20))
(26 (37 46 68 27 82 59 44))
(80 (7 74 62 78 12 23 88 48))
(24 (94 41 74 98 26 76))
(4 (10 0 33 86 32 54 56 27 57))
(23 (45 85 75))
(99 (74 70 76 5 62 70 34 26 92 89))
(74 (27 28 41 17 36 68))
(83 (6 78 53 25 39 96))
(81 (70))
(56 (87 57 2 0))
(26 (64 0 73 69 11 10 35 60 75))
(57 (49 38 74 24 29 16 57))
(11 (53))
(39 (63 30 37))
(36 (17 32 94 11 18 42))
(89 (74 0))
(26 (53 97 54 16 92 28 18 39 57 9))
(81 (93 94 72 56 45 77 7 20))
(38 (27 87 91 40 33 7 93 18))
(75 (18 70 2 26 78 15 6))
(53 (31 20 37 58 34 88 79 70 41))
(64 (27 78))
(7 (60 16 63 85))
(49 (12))
(84 (75 5 94))
(67 (19))
(1 (26 78 45 54 67 17))
(59 (65 1 72 8 28 87 81 47))
(92 (41 59 86 98 68 28))
(3 (33 27 80 91 62 58 53 22 89 81))
(43 (88 96 33 94))
(16 (63 97 90 83 50 96 66))
(14 (59 45 44 85 15 48))
(60 (33 16 41 63 80))
(53 (65 96 4 8))
(95 (39 16 44 49 9 53 12 68 3 34))
(83 (39))
(35 (11 31 70 97 49 34 87 58))
(63 (56 90 22 81 69 20 50 51))
(74 (24 22 32))
(38 (9 69 40 63))
(13 (19 7 72 32 87))
(44 (83 74 87))
(93 (85 61 88 75 29 47))
(92 (48 25 5 57 87 60 75 35))
(91 (76 77 44 66 70 77 64 10))
(68 (19))
(63 (73 0 64))
(96 (26 11 34 71 18 4 68))
(23 (80 88 46 8 90 64 63 98 23 94))
(83 (56 30))
(27 (94 41 14 74 99 75 16 41 65 84))
(43 (33 97 72 3 21 48 38))
(36 (9 44 76 20 55 59 45))
(22 (9 1 47 8 98 50 4))
(16 (17 89 52 25 70 39 8 95 82))
(12 (75 86 23 8 14 6 24 77 88))
(80 (29))
(92 (43))
(22 (80 55 27 52 6 64 35 1 59))
(17 (63 50 49 70 40 33 0))
(34 (12))
(91 (50))
(30 (19 23))
(52 (64 84 65 99 70))
(66 (81 1))
(75 (44 82 3 54 3 32 75 28 22 52))
(71 (18 66 19 16 86 65))
(29 (6 64 87 43 7 50 35 72))
(1 (44 84 72 54 84 50))
(42 (80))
(96 (8 56 24 16 58))
(30 (98))
(37 (22 65 12 67 26 43 79 46 97))
(81 (26 50 52 86 59 49 52 63 58 41))
(52 (66 82 75 66 56))
(4 (97 75 36 83 74 42 92 86 77))
(62 (49 82 64 42 55 96 33 70 16))
(55 (98 89 82 77 33 5 67 74))
(98 (94 26 23 7))
(73 (54 31 89 19 41 78))
(60 (19 98 50 59))
(47 (4 6 75))
(6 (40 6 30 49 24 97))
(26 (69 38))
(82 (50 83 31 8 67))
(25 (63 7))
(76 (25 3 0 73 70 28 92 24))
(5 (48 11 21 56 14 4 53 70 77))
(83 (40 4 38 90 20))
(12 (0 12 59 57 67 53 66 62 95 51))
(27 (88))
(32 (79 85 88 45 8 26))
(43 (84 42))
(90 (33 40 37 94 64 51))
(68 (30 29 83 38 90))
(54 (9 18 86 37))
(29 (12 22 27))
(50 (76 27 93 76 68 94 1 79 18))
(94 (97))
(10 (7 57 79 87 62 81))
(70 (35 62 8))
(33 (10 87 59 63 80 94 73 71 53 76))
(88 (67 2 51))
(96 (51 37 51 44 41 28 28 10 99 32))
(1 (25 99 32 83 44 50 60 7 15 76))
(75 (87 9 3 24 2 73 11))
(51 (20 28 63 18 96 0))
(15 (20 17 49))
(27 (45 76))
(100 (15 77 82 63 19 35 90 19 81))
(70 (15 73 88 88 62 95 25 0))
(75 (9 25 85 5 78 55 56 27))
(13 (16 76 49 62 46))
(16 (24))
(46 (23 5 31 29 37))
(18 (58 42 96 74 42 73))
(1 (94 89 25 69 83 59 60 58))
(55 (58))
(38 (44 18 56 69 91 99 35 23 63))
(50 (83 29 98 4 67 44 78))
(60 (13 78 70))
(100 (73 61 8 67 3 16 43 88 48 14))
(1 (2))
(87 (63 81 45))
(33 (73))
(92 (47))
(12 (81 87 2 98 67 1 47 97 65 43))
(20 (33 14 36 23 73 77))
(39 (26 18 21 81 70 36 16 19))
(39 (28 71 92 9 43 48))
(12 (30 38 49 59 44 26))
(59 (73 78 73 78))
(45 (82 37 95 60 66 71 45))
(2 (38 91 81 42))
(71 (98 55 30 18))
(89 (31 29 60 33 95 33 89 29 36))
(15 (41 33 95))
(21 (43 32 92 63 69 81 5 17 46))
(25 (23 95 81 80))
(7 (34 63 83 45 39 58 96 74))
(67 (67 17 50 58 99 13 85 26 88))
(83 (6 74))
(81 (7 65 97 95 42 39 68 46))
(15 (7 76))
(94 (97 6 87 91 86 35 18 75 78 85))
(34 (30 32 20 3 67 63))
(43 (85 48 96 87 54))
(10 (53 4 98 49 53 28 4 34 47 5))
(16 (11))
(12 (12))
(43 (16 98 81 72 16 63))
(24 (38))
(18 (81 72 45 70 97 67 77 96))
(38 (17 33 22 21 4))
(95 (36 16 53 37 76))
(54 (29 57 87 89))
(64 (26 59 15 19 23 91 43 24))
(37 (23 12 33 8 51 1 41 7 46))
(56 (71 99 48 61 70 32 91 47 3 94))
(34 (49 88 70 71 55 11 59 24 72))
(28 (13 75 61 67 30 41 44))
(88 (96 91 65))
(60 (11 3 86 52 16 13 58))
(93 (43 56 67 18 30 71))
(10 (39 13 18 1 93 26))
(15 (80 71 32 41 90 0 28 49 10 16))
(27 (29 38 0))
(35 (9 54 46 37 7 3 48 62))
(74 (82))
(23 (94 11 33 4 40))
(36 (15 6 78 40 62 82 53 47))
(93 (45))
(17 (68 94 9 64))
(28 (44 13))
(24 (62 87 31))
(1 (6 41 54 61 15 46 20))
(87 (9 60 1 26 39 87 28 90 34 96))
(48 (72 88 67 50 43 66 58))
(6 (55 15 32 39 90 93))
(5 (76 27 86 5))
(23 (13 31 13 55 86 88))
(86 (47 60))
(48 (78 37 86 32 85))
(20 (33))
(77 (36))
(98 (67))
(12 (58 38))
(67 (99 39 83 81))
(59 (98))
(72 (62))
(69 (53 52 51 45 1 88 44))
(27 (75 82))
(2 (83 58 66 96 70))
(80 (66))
(20 (8))
(4 (34 51 17))
(14 (35 46 43 85 55 69 30 33 22))
(54 (99 98 91 80 55 9 40 94 82))
(40 (94 50 4 13 97 51 31 16 85 65))
(9 (9 36 36))
(91 (55))
(49 (88 1 43 96 26 93 80 56))
(56 (70 63 50 39))
(61 (1 83 73 38 73 27 86))
(77 (41 29 48 1 38 23 35 49))
(59 (68 37 84 9 16 80 48 66 73 57))
(6 (66 73))
(80 (36 70 57 27))
(40 (13))
(11 (7 6 90 52 29 30 53 2 99 79))
(91 (5))
(23 (43 2))
(90 (45 11))
(48 (44))
(20 (68 50 23 86 70 77))
(28 (33 85 12 5 68 46 18 95 16 23))
(94 (25 70 73 13 73 57 30))
(69 (47 41 64 55 98 10 61))
(65 (1 23 15 31 44 58))
(33 (29 21 81 94 51 83 62 30 97))
(88 (12 37 66))
(61 (88 64 4 2 71 44))
(76 (28 93 36 23 70 56 39))
(2 (6 55 16))
(13 (4))
(45 (93))
(3 (4 54 46 32 7))
(6 (20 22 96 67 71 5 28 14 3))
(91 (23 89 32 85 20 22 47 13 47 94))
(58 (95 60 12 29 85 99 11 40 95 15))
(8 (75 99 94))
(44 (74 59 76 78 42 93 4 8 51))
(39 (13 52 89 94 77 57 51 65 55))
(82 (44 27 88 32 75))
(36 (15 49 46 97 97))
(37 (72 57))
(65 (4 67 10))
(34 (67 29 25 33 62 48 56))
(85 (61 90 50 11 42))
(9 (29 28))
(91 (31 66 49 91 19 47 52 92))
(78 (78 90 34 44 24 80 81 65))
(18 (24 16))
(10 (44 94 64 68 54 75 34))
(69 (3 10 36 48 55 81 81))
(18 (48 63 51 71 39 49))
(66 (87 57 7 57 97 33))
(14 (69 3 6 41 21 35 19 72 91))
(48 (35 57 11))
(51 (8 66 15 56 35 57 50 25 55 50))
(36 (53 46 16 71 10 14 56 33 85))
(32 (22 29 3 24 80 73 0 12 6 18))
(52 (10 90))
(16 (65 43))
(96 (76 1 24 39 37 89 11 61))
(20 (24 91 64 47 68 45 56 32 65 51))
(41 (13))
(73 (50 59 52 74 38 84 88 21 63 14))
(67 (3 41 33 20 64 64 48 84 45))
(57 (0 0 29 25 13 14 81 40))
(11 (32 23 88 79))
(55 (55 25))
(56 (52 68 81 58 19))
(89 (33 64))
(45 (56 38 6 69 32 50 21 84 93))
(8 (97 99 52 56 28 80 68 72))
(52 (46))
(38 (77 45 27))
(45 (1 85 87))
(63 (85 40 39 12))
(71 (96 60 14 7 71 37 60))
(76 (98))
(23 (90 60 67 25 41))
(46 (86 19))
(33 (68 70))
(4 (72 99))
(69 (70 56 83 59))
(13 (39 98 46 2 64 3 48 22))
(81 (13))
(55 (17))
(42 (99 84 56 55))
(11 (43 9 47 88 47 92 9 32))
(39 (83 17 92 76 43 98))
(93 (18 15))
(4 (34))
(16 (66 54 97 60 23 98 51 58 12 82))
(42 (90 22 0 43 84 58 89 27 28))
(76 (76 47 6 91 17 56 38 94))
(64 (20 38 30 96 86 27))
(30 (15 39 22 66))
(46 (25 51 21))
(78 (18 78 34 4 67 17 34 58))
(29 (15 17 69 82 92 36 21 81))
(17 (23 13))
(31 (24 79 49 82 60 10 69))
(75 (26 87))
(24 (0 50 68 75 42 55 43 88))
(29 (22))
(34 (42 73 36 56 95))
(47 (8 86 24 85))
(39 (0 28 18 49 71 78 58 15 36))
(18 (53 94 97 87 35 11 16 9))
(69 (74 7 48 23 40))
(57 (1 23 84 90 68))
(12 (66))
(66 (24 68 94 28 23))
(8 (28 12 98 63 86 37 0 88 54 18))
(90 (28 52 23 85 35 49 4 39))
(78 (1 9 27 27 91 74 90 69 23))
(43 (59 38 36 97 31 55))
(89 (60 9 45 75 92 60 99 99))
(35 (55 73))
(97 (87 95))
(79 (7 93 82 54 22))
(37 (12 32 70 5 33 80 81 9 25))
(93 (38 6 11 71 71 24 4 47))
(12 (65 37 74 83 43 3 34))
(9 (36 90 14 61 50 85 19 37))
(82 (82 14 47 87 62 96))
(54 (14 29))
(77 (9 61 6 4 99 31))
(15 (10 23))
(76 (10 14 47 57 35 4 68 62 98))
(82 (97 58 75 17))
(4 (82 95 11))
(49 (70 2 55 58 91 76 29))
(31 (81 48 21 83 64 35 57 20 41 77))
(34 (11 45))
(39 (63 94 73 95 99 86))
(61 (82 25))
(77 (1 56 98 91 36 69 53 67))
(37 (72 64 41))
(44 (69 36 28 77 92 79))
(58 (82 12 46 44 72 19 37 1 38))
(98 (4 87 77 17 36 67 58 3))
(70 (82 15))
(84 (36))
(55 (28 70 97 54))
(29 (38 17 58 32))
(82 (45 58 79 10 93 93 47 74 26))
(76 (67 11 74 74 74 86 39 57 74 64))
(95 (39 85 42 75 8 60 47 80 18 36))
(45 (90 91 97 54 45 53 91 59))
(2 (68 63 85 26 74 58 1))
(53 (57 52 58 15 69 13 3 95 6))
(37 (48 57 32 91 60 91 16))
(46 (72 31 76 71 52 31 23))
(86 (25 51 99 59 25 32 64 30 2 96))
(71 (30 45 42 16 0 26))
(80 (11 17 39 29 58 69))
(63 (49 15 72 19 22 21 78 68))
(10 (28 25 92 66))
(99 (4 73 3 15 65 62 45 34))
(33 (39 86 20 81 49 3 62 50 31))
(71 (72 15 68 92 63 84 12))
(92 (29 25 82 70))
(91 (39 17 29 91 12 55 61 4))
(50 (96 90 37))
(7 (73 34 92 10 32))
(19 (58 35 37))
(51 (58 10 45 22 20 73))
(28 (32 20 77 26 98 59 60))
(20 (13 48 54 38))
(15 (92 56 29 54 30))
(94 (68 42 39 47 21 2 84 55 74 34))
(16 (30 84))
(33 (93 39 11 63 86 63))
(48 (82 92 80))
(13 (94 94 51 18 91))
(22 (16))
(99 (66 76 93 34))
(31 (4 9 54 77 29 4 75 43 76))
(44 (12 15 11 99 95 96 15 11 78))
(42 (85 47))
(63 (60 16))
(14 (39 29 78 7 75 26 38 92))
(84 (93 25 43 15 12 8 21 26 71))
(19 (31 55 8))
(47 (94 67 57 18 62 63 32))
(100 (54 5))
(40 (72 78 60 50 44 87))
(23 (64 69 40 20 83 35 77 84))
(25 (98 98 90 82 97 85 29 39 71))
(73 (53 58 2 16 37))
(77 (61 67 4 72 71 33))
(99 (79 41))
(79 (83 76 38 43 47 74 9 68 92 17))
(21 (28 60 99 50 96 39 15 41))
(94 (72 53 41 47 54 51 81 24))
(17 (56 70 83 51 52 80 98 89))
(32 (57 78 57 46 79 47 21 66 61))
(52 (39 44 65 22 43 34 38 32 92 75))
(42 (33 71 43 31 63 16 69 45 16))
(95 (89 95 24 30 71 20 68 80))
(80 (94 4 43 42 59 98 34 65))
(21 (2 42 86 94 63 97 66))
(66 (9 44))
(52 (21))
(21 (93 98 83 12 55 51 89 7))
(72 (68 65))
(14 (45 24 66 16 13 10))
(91 (71))
(85 (36 41 86 36 46 21))
(61 (3 88 61 97 17 9))
(53 (13))
(33 (59 69 19 69 92 93))
(47 (22 42 5 95 32 38 66))
(74 (78 12 58 6 41 64 16 34 99 59))
(82 (61 94 56 66 62 11 35 10))
(2 (44))
(27 (91 76 2 65 49 56 50 37 44))
(35 (40 73 18 46 50))
(11 (62))
(67 (71 14 33 36 83 45))
(47 (47 64))
(85 (21 69 51 44 58 2 15 97))
(97 (12 59 14))
(56 (62 55))
(80 (8 79))
(99 (85 26 49 51 71 31))
(37 (48 5 80 31 90 50 2 57 99 26))
(27 (53 31 27 83 49 23 15 2 86 32))
(1 (56 32 37 98 6 63 45))
(50 (66))
(33 (79 29 24 26 83 93))
(86 (53 19 40 14))
(4 (16 54 97 24 54))
(39 (34 31 93 63 6))
(5 (57 78 33 33 8 54 63 17 2 84))
(88 (72 57 10 61))
(25 (95 54 36 82 31 92 9 9))
(52 (43 50 90 29 38))
(29 (55 58))
(64 (55 57 66 98 98))
(10 (63))
(8 (4))
(71 (88))
(2 (54 76 63 39 15 33 99 33))
(51 (59 38 63 95))
(56 (98 60))
(80 (49 96))
(56 (86 67 70 24 99 53 61 8 76))
(70 (86 37))
(94 (34 37))
(34 (97))
(48 (33 53 78 58 15 75 53))
(83 (54 18 77 0 91 58 26))
(98 (37 85 67 63 5 56 86 49 45))
(20 (40 33))
(45 (46 3 16 24))
(13 (75))
(91 (95))
(53 (44))
(99 (82 46 76 17 28))
(70 (69))
(38 (48 74 23 7 55 92 60))
(56 (75 77 5 69 5))
(29 (68 89 93 53))
(10 (10 29 8 77 22))
(75 (27 56))
(5 (69))
(76 (61 90 14 48 84))
(6 (62 38 35 48))
(81 (39 89 99 68 80 83))
(70 (73 14 9 64 94 98 60))
(45 (34))
(58 (92))
(73 (91 87 58 39 12 46 51 96 25 5))
(15 (40 22 16 17 65 7 49 55 18))
(6 (37 3 89 29 26))
(86 (94 41 47 35 33 79))
(43 (21 63 3))
(97 (18 28 65 57 11 40 6 47))
(40 (82 5 31 20 80 83 82 56 82))
(91 (64))
(14 (79 27 32 40 24 54))
(95 (64 0 40 5 46))
(34 (54 15))
(97 (58 63 9))
(12 (36 37 97 75 32))
(85 (49 66 74 81))
(4 (17 80 78 83 99))
(2 (46 83 6 61 1 11 28 56 92 56))
(80 (42 32 70 29 64 92 85 76 0 6))
(35 (73 95 57 92 56 4 71))
(45 (9 63 71 59 38 72 44 96 91 5))
(76 (30 41 37 87 6 31 31 95))
(5 (97 26 93 79 90))
(22 (30 43 23 58 67 95))
(55 (15))
(96 (31 36 88 78 54 1 32 60 40 40))
(60 (5 6 16 77 18 5 29 17 68 3))
(21 (51 28 75))
(71 (95 96 87 35 92 10))
(49 (87 22 54 12 58))
(86 (30 46 19 91 41 76 66 56 97))
(3 (88 42 83))
(77 (3 16 35))
(3 (32 82 74 57 91 97))
(1 (5 34 46 91 2 69))
(2 (84 74 96 52 55 22 0 32))
(61 (45 6 58 47))
(96 (85 50 43 82 21 26 17 23))
(90 (54 31 28 73 35 51 51))
(48 (37 72 8 69 19 85 96 12 3 50))
(62 (82 17 25 11 24 1 92 12 19 86))
(85 (48 1 27 49 76 76 57 40 79))
(1 (76 39 79))
(99 (75 37 47))
(26 (16))
(20 (23 15 58 78 70 71 21 97))
(85 (36 54 90 67 47 80 81 52))
(58 (20 94 79 71 46 53 79 69 50 62))
(79 (21 30 71 55 62 38 17 26))
(45 (19 12 81 61 85 60 79 27 57 76))
(12 (48 55 80 5))
(20 (25 19 96 68 99 62))
(52 (12 11 81 30 66 12 80 41))
(52 (89 55 54 86 75))
(36 (76 66 74 29 87))
(23 (41 68 46 14 31 5 32 86 6 60))
(14 (89 26))
(23 (90 65 56 90 67))
(77 (21 34 64 93 43 6))
(68 (88 14 2 55 1 61 50))
(56 (12 81 41 51 48))
(20 (80 50 78 28 48 68 45 15))
(75 (65 94 99 26 81 83 27 8))
(26 (61 51 88 25 70))
(72 (67))
(82 (7 20 8 48 29 39 89))
(32 (96 64 77 7))
(45 (74 18))
(41 (38 78 86 89 60 9))
(74 (54 41 76 7 98))
(4 (33 25 94 32 38 68 8))
(97 (14 41 75 97 78 91 0 50))
(6 (52 29 60 68))
(92 (59 12))
(94 (18 11))
(37 (39 33 56 55 67 27 25))
(79 (46 89 96 61 88 49 57))
(32 (78))
(89 (58 69 49 96 87 49 55 53 17 78))
(57 (0 22 60 48 61))
(31 (71 51 25 79 77 21 99 13 3 9))
(17 (30 66 94))
(92 (59 78 86 47 17))
(42 (44))
(98 (18 84 30 57 0 78 39))
(33 (76 69 39 32 67 91 17 65 58 30))
(77 (45))
(91 (83 97 64 68 62 97 0 84 15 19))
(20 (5 87))
(69 (82 98 50 33 81 39 19))
(92 (0 51 85 58 28))
(60 (26 65 68 18 63 35 14 13 52))
(51 (88 28 17 88))
(26 (42 47 44 52 44 33 25 95 97 55))
(56 (75 66 95 3 25))
(65 (72 14))
(57 (68 59 93 3 95 7))
(23 (24 34 43 26 92 15 56 77 1 70))
(61 (93))
(69 (97 71))
(63 (42 50 77 97 91))
(85 (94 50 24 16 45 29 47))
(4 (44 48 81 53 92 74 67 4))
(98 (52 98 15))
(11 (42 48 81 51))
(9 (63 86 16 10 76 20 2 81))
(39 (91 84 48 83 33 27))
(73 (9 36 43))
(95 (52 83 37 37 92 68 87))
(40 (23 0))
(52 (52 69 3 40 7 99 63 10 83 79))
(91 (47 77 9 23 77 17 15 67 55))
(3 (64 72 73 29 4 74 84 43 99 16))
(75 (42 95))
(22 (10 32 94 79))
(68 (54 38))
(57 (44 0 67 25 67 86 70 7 67 46))
(3 (74 93 56 78 65 12 1))
(100 (37 29 83 71 28 62 21))
(12 (56 96))
(97 (96 71 79 19 47 22 22 80 78))
(30 (83))
(52 (40 91 77))
(55 (40))
(84 (33 14 84 38 44 27 67 96 95 88))
(27 (1 57 3 76 19 19 20))
(82 (64))
(5 (40 75 98 93 30 87 81 46 5))
(56 (15))
(27 (57 56 82 38 87 80 7 21 16 64))
(2 (28 89 48 91 92 23 41 8 7 93))
(53 (61))
(33 (66 40 23 28 75 38 31 33))
(24 (62 14 19 51 10 32 29 5 53))
(27 (84 5 10 15))
(13 (40 21 19 38 6 72 27 85))
(28 (25 57 35 33 42 30 20 17 95))
(93 (87 3 35 69 99 85))
(53 (64))
(21 (79 36))
(11 (41 73 3))
(80 (19 49))
(89 (17 83 90 67 66 75 7 35 18))
(74 (71 65 8 28 31 4 65 97 95))
(52 (68 99 85 4))
(7 (49 28 30 5 89))
(1 (18 76 84))
(17 (55 51 8 96))
(12 (4 30 83 92 84 91 73))
(86 (11 67 16 78))
(56 (3))
(33 (84 17 43 43 95 33 3 94 51 7))
(95 (33 14 99 50 50 64 50 26 49 54))
(46 (97 48 20 16 43 76 35))
(77 (93 51 65 37 41 77 49 56 48 77))
(25 (31 56))
(31 (75 84 59 82 95))
(58 (73))
(87 (84 67))
(23 (73 99 41 69 15 9 22))
(91 (74 49 24 60 36 4 83 21 64 97))
(59 (30 85))
(64 (31 96 21 20 9 40))
(14 (45 68 48 37 87 26 34))
(41 (42 83 23 77 5 15 25))
(52 (96 64))
(67 (75 3 1 65 11 5))
(47 (29 45 8 25 80 66 6 36))
(68 (39 96 48))
(92 (32 32 33 77 56 1))
(97 (2 66 60 40 61))
(32 (99 4 64 73 52))
(49 (18 86 73 84 47 96 34 22))
(88 (78 93 79 31))
(40 (43 11 8 52 28 27))
(55 (46 28 29 66 16 49 55 54 65 81))
(46 (99 89 0 55 35 11))
(64 (0 89 91 58 65 19 19 20))
(31 (94 16 17 95 95 26 70 42))
(99 (85 58 33 48))
(83 (37 34 82 51 11 54))
(75 (5 81 26))
(66 (71 16 11 89 35 14))
(28 (57 63 11))
(8 (51))
(68 (2 70))
(66 (20 71 55 47 99 57 72))
(83 (0 41 62 23 90 83 20 52 99 70))
(50 (29 70 5 38 76 22 85 86))
(3 (37 43 70))
(82 (30 64 83 32 8 84))
(76 (4 2))
(100 (97 39 14 24))
(91 (20 61 81 73))
(88 (66 87 97))
(92 (82 3 25 22 96))
(29 (33 9))
(95 (67 0 43 63 93 87 13))
(37 (41 93 73 89 60 23 80 99))
(62 (33 85 91 10 62 80 32 84))
(95 (23 64 6 29 29 11 93 33 83))
(98 (47 91))
(7 (34 62 85 77 21 39 71 18))
(34 (92))
(16 (75 89 91 89 22 14 48 58 54 70))
(69 (3 78 46 49 22 72 30 77 70 26))
(48 (38 12 5 1))
(98 (69 47 35 63))
(73 (26 90 57 58 78))
(5 (28 10 67 64))
(4 (90 80 71 80))
(68 (61 41 82 50 25 1))
(16 (70 55 59))
(75 (88 18 22 87 15))
(91 (78 37 0 96 40 53 94))
(73 (31 22 23 28 23 72))
(84 (87 36 84))
(75 (88 30 57))
(4 (24 70 6 25 97))
(72 (11 65 41 5 78 61 87 16 58 82))
(83 (41 84 31 94 41 46 35 83))
(4 (30 38 81 37 23))
(78 (5 93 52 55 42 49 93))
(20 (31 17 27 22 71 17 10))
(14 (54 86 53 80 58 39))
(36 (92))
(8 (27 31 90 37 19))
(41 (40 0 74 86 90 27))
(5 (33 96 30 11 74 78 72 59 64 72))
(85 (42 52 5 99 33 28))
(31 (78 33 29 70 49 35))
(26 (16 29 0 26 14 76 93 9))
(54 (74 53 17 10 93))
(5 (36 51 45 81 76 27 96 21 76 81))
(3 (90 1 23))
(93 (92 92 55 65 23 73))
(70 (90 20 18 90 40 79 24 88))
(34 (4 16))
(70 (97 41 92 29 59 15 66))
(35 (86 3 60))
(58 (72 69 14 39 56))
(98 (64 16 55 80 10 91 81 49 36 4))
(88 (42 0 56 51 47 56 3 83 9))
(88 (67 10 21))
(63 (17 72 96 95 14 55))
(69 (78 76 7 92 71))
(38 (55 45 71))
(100 (29 22 98 19 47 41))
(66 (42))
(11 (51 95 71 80 19 92 87 96 15))
(17 (5 29 67 65 43 49 62 57))
(97 (22 6))
(55 (61 56 67))
(11 (30 61 71 61 95 53))
(89 (14 47 75 32 59 98 97))
(66 (78 30))
(63 (21))
(81 (22))
(71 (66 13 28 86))
(100 (34 0))
(13 (72 32 38 99 49 55))
(27 (39 17 78 77 42))
(41 (37 68 42 39))
(99 (72 74 23 73 1 15))
(32 (91 64 7 34 94 58))
(83 (23 51 7 55 90))
(80 (15 64 8 37 76))
(7 (91 22 74 47 77 5 42 93))
(89 (38 10 71 62 49 97 13 76))
(61 (24 76 2 68 51 56))
(83 (30 61))
(62 (90 5 46 55 33 9 26 11 46 63))
(52 (54 40 49 12 43 74 77))
(45 (46 63 39 68 28 77))
(61 (99 93 86 74 58 89 78))
(62 (30 83 58 95 27 39 1 64 5))
(47 (79 44 40 83 47 99 35))
(64 (59 8))
(25 (4 63 74))
(66 (65 82 90 75 92 15))
(98 (49 58 1 32 39 73 17 41))
(46 (57 53 75))
(56 (66 54 78))
(69 (41 74 61 50 76 44 90 34 83 92))
(24 (15 56))
(96 (95 73 47 89 18 38 73))
(36 (73 76 81 26 67 17))
(59 (53 87 31))
(17 (51))
(5 (55 89 23 77 18 63 24))
(32 (87 37 19 13 21 94 81 7 72))
(78 (73))
(8 (54 7 55 5 25 40 71))
(39 (27 84 97 75 28 3 89 7 55 56))
(25 (81 43 2))
(47 (38 34))
(88 (52 45 67 21 6 35))
(8 (82 39 97 5 36 8 87 50 99 51))
(2 (9 43 93))
(5 (42 63 47 91 7 19 96 20 70))
(46 (88 47 56 45 57))
(24 (97 39 9 3 65 99 72 52 71 2))
(24 (32 18 65 78 26 57 80 81))
(26 (79 42 80 74 51 62 67 57))
(75 (89 14 70 8 3 33 68))
(52 (11 89))
(59 (30 15))
(75 (27 73 3))
(83 (31))
(24 (81 98 26 86 63 52))
(47 (39 19 17 48 18 25 57 51 50 79))
(97 (64 40 74))
(55 (20 14 55 61))
(58 (45))
(14 (53 36 61 0 93 38 70 81 94))
(58 (33))
(61 (79 65 92 34 58 96 50 70 41 64))
(76 (92 3))
(89 (20 66))
(42 (5 62 65 4 83 36 79))
(37 (99 5 7 11 82 68 48 71 52))
(66 (62 74 12 18 58 40 37 74 15))
(30 (3 99 39 70 24 54 67))
(73 (2 86 61 2 44))
(77 (78 1 45 15 51 29))
(11 (69))
(62 (37 16 23 33 69 96 69))
(51 (0))
(41 (54 27))
(99 (88 19))
(76 (3 3 24 47 64 22 21 78))
(25 (85 69 94 90 97 41 89 41 37 45))
(72 (4 41 67 48))
(29 (68 1 96 44 7 48 52 14 19))
(80 (12 32))
(76 (54 37))
(72 (23 22 41))
(79 (45 94 50))
(89 (98 69 47 17))
(34 (5 32 31 83 3))
(63 (76 40 98 8 49 3 43))
(66 (64 52 63 78 97))
(91 (34 90 48 30 54))
(18 (84 27))
(42 (64 23 57))
(38 (21 14 10 37 82 27 65))
(63 (67 39 94 17 66 45 77 83))
(56 (92 15 53 72 31 24 60 52 68))
(24 (60))
(68 (40 60 43 77 52 97 17))
(46 (72 37 44))
(23 (62 40 85 40))
(26 (66 29 98 61))
(90 (70 25 24 41 39 37 51 54 34 12))
(42 (83 25 16 78))
(35 (59 20 20 20 7 17 46 18 30))
(67 (21 8 97))
(59 (87 27 81 83 25))
(89 (3 79 67 54 52 73))
(67 (96))
(87 (69 49))
(95 (84 36 5))
(26 (71 98 17 58 2 81 5 65))
(19 (78 14 34 81 68 97 20 47))
(68 (89 27 6 20 76 82 21 89))
(97 (71))
(42 (15 4 95 78 57 54 44 37 25 34))
(51 (49 19))
(67 (16 75 44 67 19 77 24))
(61 (57 66 8 74 42))
(64 (43 85 80 9 79 19 58 47 12 97))
(61 (22 55 70 27 65 93))
(27 (0 4 66 2 83 34))
(25 (4 72 26 57 38 16 17 72 77 8))
(20 (80 68 90 55 3 15 22 47 11))
(44 (76 22 11 5 52))
(72 (12))
(32 (40 90 53 27 83 92 56 45 28))
(8 (54 78 41 62 79 64 40))
(38 (19))
(70 (92 73))
(36 (14 27 53 18 38 66 73))
(24 (0 28 59 23 93 75 32 64 11 62))
(81 (30 76 54 49 21 0 57))
(41 (0 16))
(97 (8 14 31))
(92 (2 65 84 30 32 13 40 28 67))
(19 (12))
(10 (24 18 57 83 63 10 52 43 51))
(33 (88 24 13))
(13 (41 44 26 38))
(77 (71))
(6 (42 72 27))
(82 (87 58 55 83 6 23 83))
(52 (51 90 19 60 74))
(26 (37 67))
(35 (60 63 91 79 89 85 54))
(28 (43 56 73 58 21 18 92 4))
(33 (35 8 10))
(76 (95 79 95 36 40 58 68 9 63 89))
(77 (25 13 97 65 37 95 96 32 88 43))
(23 (63 85 83 81 86 36))
(10 (66))
(91 (24 28 53 61 86 14 13 21 47))
(23 (70))
(57 (27))
(73 (12 50 51))
(53 (81 24 73 5))
(12 (83 50 24 99 75 66 41 42 98))
(30 (25 80 18 16 27 28 45 18 88))
(99 (14 62 41 51 84 27 94 44))
(34 (22 50 43 14))
(60 (30 30 93 14 41 75 73 66))
(87 (96 56 44 66 8 79 5 82 22))
(92 (47 98 18 64 89))
(89 (28 17 40 1 66))
(72 (76 56 0 39 13 31))
(62 (62))
(15 (18 78))
(56 (46 16 28 23 83))
(24 (67 47 32 23 22 65))
(55 (51 45 43 83 63 88 76 72))
(5 (87 59 20 61 48 65 9 44 9))
(12 (22 3 70 32 37 29 16 39 82 39))
(88 (79 21 73 13 92))
(44 (82 14 23 47 64 9 14 56 67 29))
(37 (95 28 2 86 74 35))
(33 (2 59 43))
(32 (83 99 60 17 93 82 76 9 20 10))
(61 (8 83 34 36 18 41 14 7))
(66 (87 16 18 14 54 84 80 50 12 84))
(27 (85 24 24 91 84))
(35 (62 11 19 63 50 55 21 68 69 52))
(29 (79))
(19 (11 87 53 7 15 47 57))
(23 (83 11 38 98 68 16 64 42))
(80 (98 31))
(66 (15 13 48 62 11 95 22))
(83 (18 77 68 6))
(33 (46 84 85 42 96 95 67 55 22 11))
(15 (25 75 5 73 68))
(97 (0 93 83 53 72 47 31))
(96 (97))
(15 (81 82))
(61 (21 82 20 48 26 86 71))
(88 (67 90 64 85 86 60 83 0 46))
(71 (51 91 61 37 89 22))
(6 (32))
(47 (18 25 31 21))
(32 (15 12 78 19 96 38 36 57))
(43 (13 35 38 30 52))
(58 (44 36 84 25 91))
(52 (8 48 94))
(53 (43 28 59 10))
(59 (20 90 86))
(70 (32 84 55 53 99 71 58 13 1))
(4 (80 68 40 73 87 63 8 11))
(60 (83 64 64 86 9 76 32))
(94 (79 78 83 45 14 81 54 55 46))
(5 (64 63 99 9))
(40 (49 29 14 99 82 40 70 84 60))
(76 (78 63 7 13 9 49 92 17))
(34 (12 97 76 84 43 57 4))
(83 (92 51 32 33 13 29 3 47))
(16 (41 66 92 76 94 63 77 70 5 58))
(22 (33 69 4 0))
(80 (74 75 10 57 75 1 73))
(42 (22 88 53 47 56 31 38 27))
(87 (90 69 29 11 91))
(5 (41 88 15 91 73 17 66 89 29 83))
(44 (59 64 47 33 37))
(67 (0 48))
(36 (17 83 39 59 99 33))
(54 (51 33 80 69 53 44 62 54 12 20))
(55 (90 33 58 65 48))
(50 (58 79 14 12 96 51 76))
(39 (64 46 52 3 0 79 60 59 28 86))
(7 (52 37 25 1 63 2))
(75 (77 70 94 13 15 56 54 80 5))
(86 (7 23 51 34 23 44 3))
(28 (76 73 66 91 57 61 34 59))
(65 (25 6 66 52 9 0))
(61 (25 93 61 7))
(28 (3 15 59 71 85 49))
(42 (31))
(67 (94 89 61))
(53 (49))
(63 (21 16 56 78 56 94 74))
(67 (52 32 30 62 93 33 19))
(83 (16 8 84 78 5 5 1 53 3 60))
(10 (17 87))
(23 (24 85 58 7 98 34 30 52 18))
(53 (2 94 99 38))
(41 (61 68 87 85 17 61 42))
(82 (46 67 54 94 99 92 6))
(46 (99 56 91))
(3 (18 66))
(53 (1 81 32 72 73 64 31 87 44))
(39 (57 18 0 89 40 80 59 75))
(58 (12 37 42 60 31 10 73 41 72))
(83 (60 49 31 76 7 44))
(33 (50 6 72 48 34 49 8 27 21))
(40 (46 25 13 94 27))
(82 (53 93))
(82 (7))
(37 (22 12 18 46 25 24 40))
(83 (32 51))
(22 (35 77 29 0 42 27 53 86 56 33))
(34 (29 40 40 5 84))
(72 (53 97 10 56 84 56 86 72))
(42 (50 54 4))
(37 (65 38 1))
(44 (17 53 38 76 32))
(41 (55 6 79 89 49 43 21))
(10 (8 34))
(58 (34 9 5 53 41 64 25 78))
(36 (1 80 69 92 13 89 85))
(27 (54 69 83 25 69 83 40 30 21))
(60 (56 67 49 52 71 83 32 44 46 21))
(90 (43 7 81 22 35))
(47 (91 58 43 18))
(97 (84 28))
(36 (46 2 41 8 53 9))
(4 (89 5 97 6 14 53 58 82))
(59 (82 11 27 15 4 27 32 5 60 20))
(61 (24 66 31 51 66))
(32 (46 90))
(26 (60 67 38 32 67 37 50))
(33 (12 20 91 91 89 30 10 20 31))
(63 (52 72 95 19 93 99))
(58 (35 51 48 76 98 25 83 94 49 71))
(58 (79 4 7 76 24 49 27 76 37))
(11 (38 77 86 42 74 74 44 12 65))
(82 (96 31 92 28 7 3 24))
(94 (83 73 32 0 53 33 19))
(44 (13 4 87 99 15))
(37 (13 64 43 74))
(38 (42 29 28 70 82 0))
(35 (39))
(54 (5))
(6 (38 60 62 70 11 47 65 85 37 27))
(88 (0 11 91 31 11 24 80 17 3 40))
(62 (6 66 39 79 60 48 89 61 50 48))
(1 (29 71 82 37 54 96 43 92 83 2))
(59 (70 88))
(14 (34 16 76 41 76 82 0 54 20))
(37 (7 72 69 67 11))
(51 (0 15 33 76 82 4))
(55 (91))
(99 (52 50 90 62))
(88 (99 58))
(77 (46 21 16 52))
(29 (67))
(80 (45 98 49 24 32 45 27 27 49))
(50 (60 82 0 34 79 68 57 65 71 36))
(87 (84 42 93 10 0 43 87 4 51))
(30 (93 83 98 75 57 38 64 35 61))
(95 (13 62 21 69 39 5 3 93 30))
(46 (44))
(75 (14 64 3 12 31 83))
(70 (5 12 78))
(73 (53 33 66 93 50))
(29 (56 98 47 77 32 54 1 33 54))
(52 (43 77 19 99 89 12 25 69 31 64))
(44 (25))
(76 (92 61 34 88 86 68 83 42 9 25))
(36 (69 44))
(77 (11 73 22 85))
(51 (38 29 48 46 76 0))
(58 (41 57 88 21 47 70 57 76))
(78 (37 15 68 79))
(72 (68 68))
(79 (99 1 8 55 95 39 48 63 37))
(33 (30 78 76 11 80 59 7))
(81 (14 13))
(15 (92 16 8 67 53 53 4 47 93 1))
(74 (12 26 5 34 30))
(98 (45 52 58 72 47 97 76 40 80))
(8 (96 26 72 29 15 15))
(32 (88 89 42 22 85))
(24 (34 42 61 95))
(60 (53 11 24 60 90 30 19 67 18))
(32 (52 38 96))
(79 (18 27))
(14 (35 78 68 18 4 65))
(99 (21 28 63 36 20 18))
(12 (41 27 25 68 60 7 77 34))
(37 (74 93 51 57 23 24 49 52 98 40))
(10 (96 45 56 81 44))
(36 (91 86 37 54 80))
(35 (0 63 78 17 13 92 65 14 27))
(36 (44))
(55 (78 69 64 57 84 94 49 93 23 43))
(60 (47 28 60 93 64 63 79 11 92))
(44 (93))
(78 (28 81 77 20))
(55 (38 49 69 19 73 56 37 45 99 71))
(8 (70 66 79 81))
(56 (16 66 83 22 68 29 76 84 53 5))
(69 (1 0))
(43 (30 71 80 6 62))
(8 (88))
(85 (4 49 92 46 63 20))
(63 (12 73 51 85 96))
(13 (26))
(91 (13 0 2 86))
(83 (56 91))
(16 (19))
(91 (43 84))
(21 (86 37 83 66 78 18 86))
(65 (64 26 23 28 2))
(61 (55 67 14 63 31 44 57 83 8 31))
(91 (80 3 86 9))
(59 (88 80))
(49 (58 11 5 47 69 54 39))
(60 (93 32 39 51 23 4 84 10 28 23))
(21 (54))
(31 (0 30 27 99 20))
(94 (46))
(7 (83 69 33 10 95 30))
(75 (57 34 29 51))
(64 (23 62 57 76 87 99))
(46 (13 39 49 30 92 3 3))
(6 (52 25 59))
(99 (21))
(50 (86 21 55 38 84 55))
(14 (81 41 15 6 77 52 81 28 21))
(48 (69 64 94 31 14 68 96))
(62 (56 79 91))
(21 (29 90 14 7))
(46 (90 49 27 11 34 29 49))
(59 (1 90 42 4 55))
(81 (6 87 99 33 50))
(73 (38 76))
(55 (80 82 80))
(21 (29 83 71 22))
(65 (72 70))
(39 (61 84 86 48 51 69))
(86 (10 46 8 77 13 46 96))
(67 (98 31 75 37 67 1 15 31))
(49 (54 64 22 69 14))
(33 (81 45 50 55))
(61 (89 25 62 30 39 20 5 37))
(74 (64 21 73 73 47 86))
(55 (76))
(4 (91 26 10))
(82 (58 60 90 64 33 69 32))
(46 (77 56 9))
(44 (5 5))
(39 (37 60 62))
(3 (19 17 24 5))
(98 (74 76 60 45 73 63 39 10))
(95 (51 26 30 0 40))
(65 (43))
(73 (83 7 41 87 39 27 50))
(63 (1))
(52 (42 11 11 94 99 51 6))
(78 (69 96 89 39 64 46))
(89 (10 64 53 88 82 72 50 57 82))
(7 (46 87 23 60 19 45 87 52 16))
(28 (54 57 33))
(86 (56 82))
(31 (57 14))
(32 (57 84 34 5 88 80 98 0 4 29))
(57 (76 65 46 9 53 52 39))
(46 (81 90 60 8 53 89 12 14 95 46))
(18 (84 69 49 79 74 47))
(87 (28 89 69 96 21))
(77 (81 85 17 64 86))
(22 (56 80 23 64 36 90))
(10 (77 63 57 90 20 9 13))
(40 (28 99 72 27 33 1))
(9 (16 14 59 27 14 36 69 84 48 82))
(80 (67 63 78 53 89 62 28 19))
(100 (88 72 55))
(87 (26 0 76 72 89 73))
(52 (78 36 51 97 19 99))
(22 (1))
(52 (65 85 85 14 84 52 38 67))
(67 (27 16 86 17 88 76 61 64 39 50))
(57 (25 42 33 91 77 60 53 84 85))
(45 (62 55 9 61 59 74 28 71 54))
(47 (14 95 96 66 90))
(76 (47 67))
(17 (17 30 89 54 92 26))
(94 (28 31 44 1 16 94 77 92 53 11))
(96 (2 26 90 3 74 53 24 78))
(7 (27 83 58 24 1 42 85))
(13 (82 44 61 59 38 4 54))
(26 (38 65 34 87 98 6 34))
(15 (73 6 20 60))
(78 (29))
(67 (22 79 97 61 77 60 44))
(96 (38 29 77 16 79))
(45 (87 38 96 63 81 84 31 49))
(91 (37 62 11 45 68 94 85 83))
(59 (80 58 48 80 34 4 41 35))
(28 (62 39 51 68 61 33 92 29))
(56 (15 9 18 1 14 54 25 56))
(83 (92 74 27 97 23 96 57 11 99 68))
(36 (77 71))
(53 (17 26 70 70 14 89))
(90 (23 30 42 65 90 25 17 37 64))
(22 (47 13 42 93 35 19 17 8))
(83 (43 98 60 51 20))
(3 (11 50 7 96 13 23))
(2 (24 4 35))
(48 (3 78 57 79 30 98 47))
(83 (53 88 30))
(52 (94 37 7 41))
(16 (85 87 4 56 71 14 92))
(55 (94 19 83))
(79 (5))
(36 (47 58 77 35 0))
(36 (65 63 45 41))
(50 (56 86 10 3 94 53 68 87))
(52 (75 29 79 26 21 59 29 81))
(21 (72 16 57 62 18 25))
(100 (8 18 8 78 22 50 67 5 50 47))
(16 (81 7 79 6 62 14))
(68 (72 74 74 38 32 67))
(56 (39 53 80))
(66 (82 27))
(17 (58))
(25 (2 55))
(56 (88 89 62 48 8 26 89))
(1 (19 84 45 91 93 19 8))
(46 (71 36 89 49 90))
(35 (53 76 75 60 94 62))
(65 (68 34 55 23 38 47 55 11))
(33 (2 75 82 80 66 11 65 24 50))
(91 (76 40 54 89 63))
(37 (43 4 0 0 76 78 95 77 32))
(44 (92 43 52 23 71))
(37 (37 52 5 37 7 43))
(55 (41))
(98 (40 99 75 61 14 24 31))
(21 (9 11 63 86 33 74 58))
(14 (75 21 4 2 23 44 14 27))
(47 (77 12 82 12 46))
(12 (64 89 64 64 42 69 1 84 27 46))
(11 (92 22 20 47 76 44))
(87 (4 99 3 52))
(26 (93 8 46 16 94 88 80 90 94))
(40 (5))
(34 (58 57 16 75 25 30))
(74 (94 14 20 25 63 26 34))
(58 (47 60 19 36 58 59 41 36 96))
(65 (31 28 15 13 33 89 7))
(67 (40))
(82 (94 7 44 92 97 78 91 37))
(80 (14 36))
(17 (33 69 1 71 19))
(28 (8 82 3 38 39 38))
(30 (34 2 6 98))
(45 (49 72 67))
(49 (25 84 76 87 42))
(73 (59 34 35 75 15))
(98 (49 71))
(94 (35 86))
(1 (37))
(67 (29))
(64 (5 11 8 78 1 72))
(16 (83 91 6 12 28 91 98 83 79))
(29 (99 66 28 56 15))
(36 (75 18 88 10 66 21 98 68 20 43))
(3 (88 36 71 48))
(13 (68 85 33 80))
(79 (99 62))
(99 (90 1 43))
(46 (45 68 23 64 33 67 23 95 34 18))
(7 (63 71 8))
(66 (53 86))
(92 (83 72 93 31 73 37 6 3))
(3 (7 88 35 59 90 70 37))
(7 (30))
(70 (9 3 22 61 97 78))
(72 (45 43 29 52 59 42 41))
(17 (43 94 26 16 55))
(1 (61 4 4 22 55 25 30 82))
(73 (14 78 85 5 28 20 36))
(20 (28 13 31 43 45 37))
(6 (10 94 72 97 76 43 32 21 90 87))
(89 (30 61 41 18 26 41))
(28 (29 23 83 27 46 92 90 52))
(69 (16 59 86 17 38 45 84))
(91 (61 74 53 28))
(10 (99 42 50 0 25 31))
(83 (34 27 52 3 70 63 2 86))
(97 (85 58 16 34 25 37 88 7))
(61 (57 10 28 53))
(59 (48 12 44 42 23 94))
(95 (47 10 75 86))
(15 (5 39 4 89 98 23 61 10))
(86 (88 15))
(37 (89 6 3 14 43 94 0 1))
(85 (77 10 78 29 89))
(63 (99 1 93))
(76 (81 42 90 99 96 57 14))
(76 (98))
(64 (5 56 12 5 98 70))
(67 (43 78 5))
(28 (88))
(92 (73 15 49 81 94 45 25))
(60 (63 38 68 26))
(13 (57 34 43))
(54 (47 84 47))
(9 (0 10 42))
(43 (85 10 54 73 82 9 15 93 26))
(1 (64 38))
(47 (62 20 63 95 23 13 13 33 40))
(65 (5 79 24 30 51 60 71 95 35))
(69 (96 55 77 45 33 29 19 89 22 23))
(89 (94 56 76 13 38))
(39 (10 87 24 95 48 99 48 14 20))
(67 (90 1 40 60 23 5))
(71 (21 79 95 16 16 10 48 96 86))
(80 (93 17 33))
(53 (58 56))
(89 (54 27 49))
(82 (96))
(1 (14 43 70 93 6 66))
(5 (66))
(84 (98 57 76 68 73 84))
(18 (14 6 17 11 69 88))
(92 (1 11 66))
(78 (57 69 85 11 27 83 31))
(65 (66 66 3 68 58 18 29 37 79))
(86 (80 70 79 22))
(62 (48 67 82 18 28))
(39 (11 58 13 46))
(63 (35))
(96 (77))
(34 (15 62 60 96 48 8 82))
(43 (64 29 28))
(61 (50 39))
(45 (55 41 87 5 8 49 47 57 48 41))
(21 (78 68 89 15))
(62 (44 32 66))
(8 (32))
(7 (95 73 68 20 68 19 77 24 28 70))
(65 (98 4 69 51 95 71 65 88 86))
(60 (30 59 30 10 70 52 82 31 47))
(45 (37 61 11 5 84 62))
(56 (99 60 80 64 64 25 36 63))
(27 (78 68 22 14 24 87 27))
(99 (35 4 68 91))
(24 (2 94 21 74 65 56 45 65))
(32 (20 43 46 64 61 72 98 90 21))
(18 (2 81 75 55))
(77 (75 77 39 48))
(9 (87 9 26 24))
(87 (44 80 12 84))
(4 (84 75 46 81 76 80 19))
(93 (30 52 8 30 58 7 68 51 40 3))
(17 (24))
(75 (31 4 91 90 51))
(65 (85 63 51 88 43 68 51 87))
(50 (28))
(44 (80 43 60 91 8 25 35))
(86 (77 16 82 27 6 50 50 37 84 91))
(99 (76 89 67 17))
(78 (82 68))
(36 (91 92 39 7))
(64 (65 8 85 42 58 9 55 52 77 76))
(69 (52 43 41 3 32))
(24 (59 16 46 76 71))
(91 (0 21 19 95 52))
(15 (96 64))
(4 (36 29 78 95 61 76 92 0))
(11 (83 49 23))
(28 (54 43 98 74 22))
(88 (53 2 29))
(71 (52 77 53))
(78 (11 57 16 82 8))
(4 (41 83 37 53 44 87 82))
(16 (85 68 73 29 48 69 75 22 15 52))
(45 (62 91 45 23 51 36))
(31 (64 28 84 24 49))
(57 (39 52 68 72 74 18 86 17))
(81 (84 73 60 40 1 44))
(94 (13 64 35 73 68 5 91 62))
(8 (77 82 44 93 95 83 96 1 78 30))
(33 (67 80 41 98 93 33 30 1))
(9 (75 18 67 82 2 43 67 3 64 34))
(3 (45 54 12 88 19 15 31 49 35 25))
(52 (93 5 92 28 52 11))
(38 (22 65 61 79 34 44 28 16 23 13))
(81 (48 66 34))
(71 (78 84 33 90 95 85 19 25 64 11))
(19 (66 14 37))
(77 (59 35))
(6 (56 41 25 96 11 89 85))
(53 (91 31 72))
(47 (71 63 78 87 71 37 23 70))
(3 (4 21 78))
(3 (85 24 95))
(85 (54 80 93 35 81 7 67 84 25))
(47 (78 71 2 67 82 34))
(80 (38 38 16 31 63 7 96 5 64))
(61 (94 9 37 75 64 19 35 67 36))
(76 (89 28 53 23 3))
(84 (17 59 7 51 80 21))
(27 (5 67 48 94 37 97 83))
(27 (12 36 19 27 42 88 75 33 93 42))
(11 (35 77 66))
(34 (36 31 86 67 30 3))
(89 (68))
(91 (3 89))
(80 (67 82 59 87 88 97 87))
(29 (91))
(35 (43 52 38 87))
(94 (84 96 79 88 34 96 47 76 81 86))
(30 (44 40 0 79 7 49 89 14 60))
(52 (98 51 25))
(79 (11 23 8 21 57))
(89 (88 13 59 8 5))
(43 (74 97 43 95 71 36 6 77 43 72))
(10 (48 38 70 87 96 74 64 77))
(48 (76 9 57 66 88 29 50 24))
(81 (99 90 73 59 40 13 63))
(67 (9 48 95 14 54 42))
(38 (35 71 8))
(82 (64 94 48 90 2 26))
(1 (74 66))
(68 (19 64 20 71 23 50 34 70 69 66))
(29 (79 66 55 39 14 24 7 44))
(18 (31 15 37))
(42 (9 26 34 91 21 90 84 26))
(35 (49 77 89 11 22 72 85))
(15 (7 47 41 67 57 44 67 82 74))
(89 (40 99 37 32 61 8 91 44 74 16))
(8 (54 49 22))
(30 (32 99))
(83 (38 9 79))
(31 (37 36 88 42))
(85 (54 20 13))
(8 (3 54 84 74 69 35 19 37))
(14 (99 67 85 41 89))
(91 (44 62))
(65 (70))
(70 (95 11 45 88 28 98 3 15 68 65))
(64 (3 35 84 63 93 13))
(59 (16 95 44 21 68))
(83 (68))
(12 (69 54))
(72 (81 36 24 90))
(31 (69 27 49 62 88 70 12 18 38))
(89 (44 69))
(45 (9 45 82 59 32 52 69 96 57))
(5 (33 93 76 8 25 74 3 37))
(77 (22 90 23 99 85))
(28 (52 14 10 12 53 69 25))
(54 (4 15 95 84 78 43 53 21 45))
(7 (84 77 78))
(89 (8 93 55 43 13 62 58))
(38 (67 69))
(71 (33))
(23 (27))
(65 (24))
(46 (18 87 28))
(93 (33 83 57 84 97 83 32 47 35 3))
(16 (59 11))
(92 (61 52 77 39 62 93))
(10 (25 10 56 45 53 17 26))
(34 (93 55 57 10 34 86 94))
(50 (50 64 81 94 6 3 0))
(37 (60 15 81 61 74 26 92 81))
(9 (25 39))
(37 (63))
(13 (86 97 59 4))
(99 (43 82 48))
(79 (5 86 54 3 39 16 37 66))
(39 (64 11 87))
(91 (21))
(28 (39 80 53 95 29))
(26 (59))
(91 (55 49 91 21 17 24 33 54 76))
(20 (82 32 6))
(40 (35 71))
(3 (67 28 7 9))
(40 (33 38 9 35 87 0))
(13 (90 27 23 44 13))
(1 (33 59 86 98 88 31 10 80 69 67))
(15 (82))
(87 (21 12 18 36 20 96 99 67 12 9))
(88 (65 72 29))
(56 (99 1))
(15 (93 54 27 40 44))
(39 (66))
(11 (3 80 13 87 17 49 32 63 72))
(67 (60 17 16 12 56 2 15))
(73 (11 1 67 31 65 76 69 82 13 42))
(9 (19 36 17 81 83 69))
(10 (39 39 75 60 28 81 45 99))
(80 (15))
(51 (95 78 3 70 29))
(32 (64 65 20 27 83 89 98 84))
(71 (21 82 25 79 98 93 7 25))
(68 (87))
(87 (73 33))
(81 (2 26 88 17))
(66 (4 36 27 68 79 1 20 43))
(56 (23 22 40 61))
(68 (89 48 87 3 66))
(95 (64 82 11 95))
(82 (91 8 37))
(22 (9 74 71 43 96 18 64 78 49))
(70 (48 37 47))
(48 (77 50 31 43 94 77))
(79 (73 22 52 27 78 11 31 11 29))
(42 (38 59 60 72 68))
(34 (87 70 83 13 5 82 85))
(42 (32 7 53))
(35 (83 98 63 87 77))
(57 (53 65 96 61 69 9 82 29))
(40 (68))
(12 (29 58 20 24))
(67 (53 92 85))
(95 (95 92 51 22))
(1 (62))
(25 (61 2 57 19 95 0 45 30 85))
(18 (90 0 13 77 34 42 27 62 68))
(81 (85 41 77 14 90 76 94))
(42 (18 98 49))
(34 (93 32 14 71 97 8))
(2 (34))
(3 (55 16 72 91 64 68 12 46))
(15 (41 79 84 39 25 38 46 98))
(61 (69 19 72 12 46))
(6 (71 60 51 84 43 4 17 45 55 51))
(35 (16 42 51 41 35 84 94))
(85 (79 47 40 11 35 28 53 30))
(70 (88 48 72 87 41 71 7 85 44 85))
(31 (47 82 3 60 68 34 3 37 12 13))
(77 (93 61 54 30 81 35 1 77 53 91))
(63 (81 36 63 6 63 71 60 21))
(8 (29 39 48 47 7 49))
(92 (53 38 86 15 50))
(73 (8 61 47 69 52 93 43))
(92 (11 23 13))
(22 (69 34 97 68 8))
(51 (32 30 73 66 94 49))
(84 (92 26 69 32 56 38 83 60 31 13))
(36 (67 80 84 34 52 9 58 32 87 34))
(88 (71 38 22 95 8 0 65 59 4))
(54 (36 50 41 17))
(11 (59 16 30 37 75 22 13 44 65))
(54 (70 79 48 82 93 51 5 29))
(5 (97 33 35 53 34 27 28 28 38))
(24 (98 7 50 28 72 57 85 20 96))
(73 (30 32 36 6 83 96 67 71 45 67))
(38 (89 80 47 32 1 35 99 52))
(19 (76 47 47 13 21))
(58 (38 95 73 63 34 5 70 20 90 52))
(24 (66 56 19 71 12))
(33 (63 93 22 79 71 73))
(13 (4 36 16))
(26 (2 67 67))
(34 (26 59 7 78 86 20 53))
(49 (74 96 51))
(34 (49 8 58 94 41 85 38 4 79 56))
(72 (12 6))
(17 (69 3 48 66 16 17 77 0 30 59))
(72 (2 87 86 43 4 73))
(21 (27))
(9 (88 55 43 63))
(46 (9 50 68 16 95 91 52 64 37 30))
(87 (41 85 43 85 79 88 29 92 40))
(56 (55 84 96 32))
(97 (50 54))
(36 (20 27 12))
(71 (42 40 93 63))
(83 (15 97 13 73 78 65 22))
(34 (68 85 56 65 4 21 16))
(21 (44))
(64 (57 65 58 19 23))
(80 (16 22))
(28 (99 58 81 5 68 67 91 54))
(96 (75 29 29 42 25 22))
(13 (39 35 91 38 89 86 81))
(71 (27))
(19 (10 81 35 57 86 89))
(30 (96 6 18 35 94))
(81 (86 10 93))
(53 (53))
(12 (48 86 92 68))
(94 (24 59 74 44 98 29 21 32))
(99 (54 99 5 54 1 48 15 75 44 49))
(68 (67 80 2))
(70 (67 25 78 8 57 46 2))
(98 (30 44 66 94))
(81 (61 88 56 3 38 16 66 43 46 45))
(36 (62 89 6 58 45 87))
(39 (18 11 90 40 98 76 21 56))
(43 (32))
(12 (66 37 58 37))
(94 (29 77 34 54 50))
(45 (37 64 52 95 11 29 19))
(40 (28 23 11 63))
(63 (80 50 10 51 53 80 58 91 95))
(82 (89 65 20 6 63 20 43 33 46 96))
(37 (87 1 18 25 82 97 68 16))
(64 (31 60 20 7 28))
(17 (35 95 84 15 8 73 63 30 84))
(9 (3 12 81 39 26 35 88 24 24 46))
(60 (40 37 2 67 35 9 31 12 30 3))
(54 (26 91 94 72 52 28))
(26 (17 90 11 94))
(11 (44))
(48 (57 26 21 94 80 41 49 6 89))
(73 (85 1 95))
(42 (21 94 55 68 78 46 83 57 44 40))
(94 (28 94 45 8 64))
(87 (43 98))
(87 (93 88 62))
(62 (44 65 42 34 28 72 85 65 45 27))
(23 (56 72 10 16 40))
(30 (52 6 98))
(53 (90 1 81))
(37 (58 77 76 88 47 11))
(100 (37 85 84 56 70))
(47 (81 44 48 8 3 9 55))
(40 (41 11 25 5 71 85))
(9 (95 98 33 53 40))
(3 (2 53 70 47 29 26 34 85 27))
(54 (97 16 54 59))
(59 (58 89 33 84 40 97 81 12))
(57 (49 62 43 72))
(60 (26))
(1 (20 34 28 11 54 51 93 99))
(36 (16 54 16))
(31 (50 37 57 45 14 97))
(76 (78 82 87 10 15 71 63 22))
(87 (26 44 68 70))
(59 (61 22 94 9))
(94 (38 78 85 2 37 31))
(47 (45 83 32 53 96 74 64 22 39 66))
(44 (60 2 93 47))
(79 (51 32 50 32 55 25 56 34))
(52 (30 78 70 25 18 11 71 39 59))
(73 (16 63 40 37 15 47 56 68 25))
(96 (16 34 54 53))
(79 (5 95 5 34 73 29 47 48 98 5))
(70 (97 25 11 24 74 15 40 48))
(42 (48 23 80 9 11 70 12 50))
(18 (59 55 80 24 58 69 67 66 41 97))
(25 (0 62 1 24 99 94 93 19))
(88 (19))
(85 (65 67 31 90 82 15 31 32 64 9))
(36 (76 6 72 13 34 58 22 81 12 41))
(41 (8 77 31 85 19))
(10 (93 53 22 33))
(23 (82 76 98 76 67))
(7 (8 35 29 54))
(8 (10 8 95 70))
(15 (62 5 22 38 10 30 74 91 41 76))
(43 (74 79 60))
(30 (32))
(67 (60 17 81 67 85 64))
(58 (22 24 52 80 73 47))
(37 (84 93 25))
(67 (21 11 58 59 40 60))
(98 (93 55 25 28 26 49 17 40))
(8 (32 94))
(48 (93 3 51 50 36 25 64))
(40 (38 52 15 31))
(32 (61 23 49 86 10 16))
(16 (1 11 96 80 95 12 31 16 82 28))
(5 (70 91 78 93 27 53 82 31 69 38))
(53 (55 73 5 25 40 70 97 45 17 17))
(83 (75 72 82 3 85 84 38 38))
(63 (23 33))
(70 (49 6 70))
(14 (23 17 36 95))
(92 (89 9 88 94 74 69 95 53))
(82 (19 78 61 95 64 92 76 48))
(34 (98 5))
(53 (8 11 68 36 63 23 61 67 95))
(50 (63 14 88 70 44 49 99 44 48))
(64 (27))
(97 (5 81))
(13 (91 67 74 87 87 31 9 84 33 50))
(76 (9 70 39 21))
(53 (52 48 52 50 94 25 96 8 49 40))
(74 (86 90 52 38 44 22 23 81 93))
(44 (26))
(23 (25 4 99 5))
(24 (61 23 63 70 31 30 78 54 3 89))
(47 (63 13 10 88 29 8 88 41 6 14))
(61 (69 93 43 33 4))
(89 (26 87 38 67 19))
(83 (56 8))
(15 (40 44))
(47 (17 81 95))
(36 (74 9 75 32 21 38))
(23 (85 16))
(22 (60 57 66 32 73 47 1 20 66 81))
(10 (27 35 75 27 44 77))
(51 (80 48 12 31 40 76 59 86 22 7))
(58 (62 69 45 12 24 13 21))
(48 (35 39 0 83 80 76))
(66 (71 18))
(61 (32 48 68 2 8 86 66 66 2))
(5 (44 97 6 73 51))
(100 (82 3 36 62 66 26 8))
(35 (74 86 51 91 92 51 55))
(32 (32 48 45 92 27 80 10 79 57 33))
(92 (81 43 12 98 30 98 74))
(7 (53 94 33))
(78 (14 33 53 75 31 51 93 67 87 25))
(24 (73 20))
(97 (78 11))
(42 (40 88 96 18 49 25 44))
(13 (43))
(74 (29 48 7 44 82 46))
(90 (42))
(17 (13 53 70 13 23 41 86 65))
(2 (39 11 88 72 22 80 45))
(69 (98 36 89))
(38 (88 31 37 44 20 36 71))
(42 (52 94 92 73))
(46 (4))
(54 (74 74))
(19 (47 10))
(83 (91))
(63 (29 83 78 82 18 24 0 86))
(17 (56 79 48 30 78 58 61 72))
(24 (49 23 86 54 33 70 79 15 1))
(37 (25 86 46 97 24 91 43 15))
(32 (44 85 0 5 74 26))
(20 (50 76 69 42 5 83 84 43 76 37))
(52 (80 54 48 94 82 81 36 72 25))
(40 (20 4 11 82 38 86 19 95))
(28 (71 88 53 56 13 39 70 3 52))
(78 (42 22 58 59 81))
(20 (47 98 8 3 16 89 77 8 53 63))
(16 (37 15))
(12 (7 68 19 47 82 65))
(22 (19 30 44 44 39 19))
(53 (46 7 64 22 24 49))
(92 (87 36 23 15 47 27 14 82))
(76 (48 36 25 80 85 20))
(29 (72))
(59 (7 11 9 25 34 12 32))
(39 (62 5 80))
(78 (53 51 95 59))
(89 (97 48 32 43 38 48 46 87 3 99))
(90 (22 38))
(91 (73 97 74 75 9))
(90 (24 61 12 12 13 17 32 76))
(91 (15 46 65 33 93))
(19 (2 99 4 71 63 6 79 19 61 81))
(71 (17 39))
(42 (49 85 55 25 14))
(51 (31 76 89 34 77 45 64 74 63 78))
(29 (7 73 13 27 6 92 65 1))
(39 (50 13 26 63 84 49))
(94 (3 65 20 7 29 80 7))
(69 (79 88))
(59 (7))
(62 (71 54 32 47 81 26))
(64 (40 40 85 90 3 58 50 57))
(93 (51 92))
(28 (19 20 21))
(53 (79 57 7 84 90 62 68))
(23 (44 75 67 52 49 84 77 80 26 48))
(23 (50 60 52 90 91))
(63 (49 69 59 65))
(8 (60 47 43 58 73))
(71 (59 39 58 63 41 12 72 47 84))
(5 (34))
(71 (13 82 0 73 17 35 79 74 8 39))
(8 (92 91 74 83 28 61 69 46 84 87))
(19 (21 55 28 43 70 93 83 11 85 75))
(89 (65 75 96 34 92 63))
(5 (53 21 70))
(75 (13 45 33 10 10 0 35 43 82))
(99 (10 50 95 3 18))
(78 (27 2 25 54 54 49))
(96 (82 80 35 15 76))
(99 (3 25 15 38 35 56 79 30 91 5))
(99 (17 47 44))
(6 (22 81 24 70 53))
(84 (75 74 9 7 29))
(16 (99 24 24 22 19))
(68 (49 39 19 87 57 35))
(96 (33 29 88 97 15 92 2 35))
(25 (1 50 8 34 31))
(6 (37 82 92 28))
(23 (22 22 34 43 51 6 99 12))
(27 (8 71 13 81 95 61 93 59 35))
(28 (34 74 11 75 20 35 93 7 25 44))
(2 (81 86 16 5 89))
(63 (19 99))
(46 (64 95 5))
(67 (40 53 71))
(60 (39 23 45 44 11 91))
(21 (72 26 20 65 43))
(96 (45 64 62 2 16 79 53 84 66))
(43 (43 19 92 65 55 22 0 65 76))
(6 (58 25 42))
(94 (31 25 32 1 82 91 67))
(46 (15 37 42 13 68 84 5 26))
(74 (97 2 76 87))
(32 (50 11 18 57))
(87 (94 95 83 7))
(9 (77 99 23 7 67 38 76 59))
(70 (15 2 26))
(19 (80 55 46 71 31 64))
(55 (69))
(51 (6 97 96 0 35 3))
(10 (83 76 80))
(51 (75 58 56 2 85 83 54 8))
(93 (28 38 39 47 43))
(27 (79 81 13 12 88 43 35 10))
(69 (66 75 81 51 59 52 98 8))
(5 (32 15))
(68 (43 94 32 37 38))
(61 (33 14 58 23 6))
(80 (98 72 55 52 44 95 21))
(6 (66 97))
(85 (16 51 20 59 27 1 46 59 25 76))
(14 (22 23 55 9 25 59 9 33))
(50 (93 93 17 61 30 58))
(83 (97 87 21 66 38 2 85 24))
(27 (3 6 94 50 68 74 69 24 30 71))
(69 (54 0 24 64 67 67 12 11))
(40 (80 44 29 11 86 13 33 13 34))
(46 (16 78 95 75 47 99))
(58 (64 93 0 69 83 79 2 86))
(46 (40 21 30))
(93 (78 97 43 29 39 80))
(43 (13 1 85))
(11 (94 58 90))
(18 (51 90 44 29 99 29 97 50 36 99))
(36 (78 18 64 78 49))
(62 (56 82 15 24 87 18 4 80 44 22))
(1 (0 12 66 33 23 66 14 62 91 5))
(83 (76 84 22 4 21 55 75))
(35 (53 68 95 18))
(75 (92 71 79 69 38))
(74 (68 35 72 24 1 87 41))
(99 (23 63 80 45 0))
(6 (99 36 97 7 24 90 14 71 29))
(52 (96 94 4 86 15 40 14 98 29 12))
(31 (66 64 32))
(43 (91 37 39 85 50 16 28 82 14 26))
(52 (39 86 17 3 20 49))
(95 (93 57 88 21 31 95 61))
(14 (51 80 58 79 91))
(59 (23 32 14 50 34))
(1 (23 28 49 9))
(11 (99))
(48 (8))
(27 (70 79 94 40 74))
(57 (27 69 59))
(11 (34 5 48 98 46 20 97 24))
(72 (92 29 45 78 49 61 23 12 44 54))
(47 (72 84 6))
(66 (13 81))
(73 (41 26 25 59))
(58 (1 33 56))
(26 (65 79 26 95 84 97 52 19))
(75 (92 14 76 64 53))
(46 (34 45 52 54 18))
(38 (31 87 91 57 49 41 38))
(75 (85 93 95 99 1 82 78))
(10 (98 55 71 58 90 15))
(77 (72 56 90 14 61))
(88 (13 19 73 9 11 86 66))
(41 (16 82 95 76 27 98))
(82 (56 42))
(9 (96))
(19 (78 1 42))
(44 (94 76 58 63 38))
(75 (21 3 63 21))
(44 (2 23 94 10 23))
(23 (70 63 48 36 71))
(87 (34 77 26 90 14))
(34 (46 59))
(78 (88 81 60 5 86 92 52 61 96))
(15 (83))
(65 (69 91 47))
(67 (79))
(79 (66 47 71 28))
(69 (95 74 89))
(57 (62 40 2 63 76 81 88 76))
(86 (43 41 89))
(93 (51 33 9))
(67 (89 93 31 39 62 93 14))
(87 (78 1 83 73 16 55 24))
(67 (52))
(72 (16 92 31 97 29))
(90 (50 19 91 73 52))
(33 (31 46 81 68 67 96 78 0))
(72 (34 70 65 15 33 56 91 11 17))
(87 (55))
(61 (56))
(47 (7 62 58))
(88 (97 59 25 61 87 52))
(33 (4 40 24))
(16 (86 88 14 84 83 58 36 74 55 7))
(33 (62))
(53 (80 58 69 24 84 17 59 61 57))
(73 (54))
(4 (18 0 74))
(2 (88 32))
(9 (18 14 23 88))
(38 (28))
(31 (38 87 49 55 21 90 69 14 71))
(72 (80 59))
(64 (55 77 23))
(87 (10 83 6 5 55 91 96))
(49 (86 30 64 22 8))
(49 (51 85 67 20))
(45 (5 64 31))
(65 (81 97 27 3 29 96))
(13 (91 69 70 92 23 98 67 72 43))
(11 (64 60 27 95 79 72 18 96 31))
(87 (30 46 44 5 26 69 65 10 22))
(98 (99 2 4 30 48))
(98 (91 42 16 93))
(2 (15 67 40 27 75 24 35 99 63 33))
(45 (24 75 34 38 88 50 90 7 13))
(99 (43 57 18 78 87 45 49))
(12 (34 40 93 26 5 70 88 58))
(15 (68 42 47))
(15 (48 41 60 70 81))
(6 (16 11 86 16 94 36 11 28 24 4))
(90 (3 49 66 89))
(53 (73 82 37 82 51))
(95 (59 42))
(79 (12 25))
(19 (45 55 47))
(71 (61 95 94 94 93 97))
(88 (45 24))
(41 (2 31 78 54 87 68 50 30 82 60))
(85 (12 17 88))
(86 (30 82 94 74 85 18 64 31 32))
(51 (0 40 93 87 75))
(11 (85))
(15 (14))
(83 (22 36 23 41 70 70))
(77 (45 50 37 94 97 30))
(98 (87 60 65 93 65 29 49 64 19))
(68 (75 95 76 83 14 2))
(29 (65 4 32 96 6 21))
(21 (0 61 55 94 82 27))
(46 (68 57 73 96 42 6))
(70 (20 20 9 86 45 26 38))
(56 (82 24 34 5 83 92 34))
(91 (64 30 79 73 22 37 23 1 38 94))
(76 (24 92 80))
(3 (69 51 67 79 89))
(79 (31 53 58 27 46 79 88 91 19 53))
(95 (99 26 83 28))
(16 (88 11 17 26 30 37 29 52 68 62))
(22 (26 46 14 79 8 62 43 60))
(7 (64 77 82 91 87 12 28 76 83 98))
(72 (35 53 27 35))
(56 (97 40))
(46 (78 46))
(73 (71 9 94 66 9 50 38))
(62 (7 24 31 43 76))
(75 (76))
(72 (48 28 80 90 27))
(66 (36 21 86 26))
(45 (49 65 10 63 27 20 95))
(28 (94 37 24 36 97 26 38 49))
(53 (25 84 49 93))
(13 (35))
(82 (79 46 52 68 31 56 25 56))
(42 (50))
(55 (48 85 73))
(19 (87 23 18))
(44 (66 42 91 40 98 25 85 21 92))
(99 (37))
(80 (57 7 3 6 33 36 62))
(3 (23 77 48))
(58 (26 72 10 89 62))
(19 (85 80 3 60 88 81 44 49 80 56))
(4 (35 77 47 92 44 93 35 9))
(26 (25 17 15))
(19 (89 48 36 84 68 22 65 9 10 62))
(25 (25 27 79 89 54))
(27 (12 79 77 81 16 71 54 17 29 97))
(56 (26))
(29 (35 71))
(89 (94 86 31 81 40 14 8))
(22 (73))
(71 (20 78 98 71 53 30 38 64 55 72))
(10 (10 34 66 13 40))
(88 (79 50 89))
(64 (68))
(24 (61))
(21 (83))
(37 (91 69 65 89 98 41 55 36 87 11))
(38 (92 90 73 54))
(47 (45 43 91 60 1 19))
(95 (60 15 49 95 84 29))
(79 (38))
(98 (5 27 24 82 54 97 53 18 0 76))
(21 (9 64 67 88 63))
(77 (33 88 78 2 11))
(6 (68))
(57 (52 4 67 39 84 34 96))
(91 (28))
(41 (57 58 83 16 51 90 48))
(100 (16 32 18))
(93 (67 30 40 71 59 9 91))
(97 (58 40 28 90 12 24 85))
(17 (5 16))
(22 (13 7 74 18))
(67 (7))
(60 (96 51 45 54 84 89 81 31 79))
(84 (9))
(12 (84 9 88 5 62 44 26 44 56 14))
(14 (39 31 47 29 47))
(42 (37 9 2 65 17 62 48))
(40 (27 35 68 28 28 79))
(69 (51 80 19 44 64 6 0 31 46))
(16 (46 53 87 36 0 62 26 73))
(73 (35 79 78 65 43 87 30))
(84 (17 40 78 37))
(62 (84 67 99 44 45 72 8 75 48))
(53 (27 1 20 37 83 10 92))
(19 (42 68))
(91 (26 31 9 85 78 66 90 84))
(74 (11 93 93 48 17))
(31 (68 55 32 60 54 98 44 25))
(6 (89))
(6 (34 55 55 52 83 39))
(22 (5 39 1 85 19 86 13 19))
(26 (36 74 14 78 55 74))
(92 (3))
(71 (99 45 16 50 99 69 17 81 82))
(83 (48 88))
(98 (68 75 79 29 71 77 84 83 29))
(85 (10 45))
(31 (48 30 60 80 57 40 5 87 13))
(73 (96 63 51 49 76))
(9 (73 39 4 37 90 45 88 96 12))
(86 (19 72))
(90 (8 26 89 95 17 23))
(44 (1 52 95 32 67 41))
(49 (26 90))
(18 (20 78 36 98 89 30 85 13 46 70))
(34 (56 83 79 45))
(88 (33 98 31 97 45 73 60 15 72 28))
(39 (0 98 22 32))
(22 (36 65 96 92 37 72 61))
(33 (61 75 42 78 94 63 82 81))
(29 (29 49 13 62 10 59))
(60 (96 52 88 7 65 55 9))
(36 (3 55 93 20 63 6 13 60))
(8 (12 40 82))
(44 (18 86 24 16 49 68 43 51 44 57))
(11 (83 70 91 48 65 51 0 75 13))
(56 (68 22 99 74 18 7 46 55 54))
(20 (76))
(48 (22 56 35 44 46 90 16 30))
(11 (90 0 69 80 13))
(36 (19 51))
(1 (90 69 62 22 13))
(62 (94 84))
(98 (60 6))
(26 (49 50 51 50 29 65 82 7))
(77 (20 24 43 49 66 76))
(8 (55 92 76 47 86 75 1 86 5))
(18 (15 15 91 74 7))
(40 (44 29 34 20 73 93 29 65 22 12))
(18 (67 23 6 37 99 44 20 4 74))
(97 (87 11 22 18 65))
(91 (88 49 80 81 6))
(88 (37 7 81 39 30 69))
(26 (85))
(16 (44 49 80 41 82 69 64 79 44))
(72 (60 13))
(93 (79 70 19))
(39 (88 79 89 53 27 74 77 25 22))
(67 (2 66))
(50 (28 96 93 47 13 9 30 64 35))
(50 (0 0 24 88 97 8 13))
(94 (6 95 24))
(49 (65 1 57 27))
(10 (81 45 98 94 70))
(76 (81 39 75 30))
(84 (40 21 25 83 44 0 27 41 52 79))
(27 (49 59 28 95 34 5 77 49))
(9 (56 67 60))
(28 (27 98 17 32 16 53 34))
(3 (26 4 67 18 44 42))
(100 (85 7))
(12 (10 36))
(92 (90 1 5 48 95))
(52 (28 74 80 30 80 63))
(22 (60))
(83 (86 93 21 75 91 33 84))
(74 (47))
(53 (82 0 98 11 32 66 12))
(15 (93 44 41 20 28 33 11))
(17 (52 81 62 10 70 4 14 63 51 78))
(84 (67 28 75 18))
(100 (99 68 90 95 11))
(33 (5 11 35 67 32))
(83 (85 53))
(19 (61 69 9 25 4 68))
(26 (98 27 78 79 99 20 11 51 17 46))
(45 (52 85 1 29 73 80))
(26 (25 95))
(77 (73 22 94 72))
(33 (46 24 12 38 29))
(55 (45))
(87 (70 34 84))
(48 (87 36 66 85 82 15))
(9 (57 82 90 46 42 84 87 77 43))
(58 (58 58 70 71 40))
(88 (95 37 95 57 67 88 55 50 71))
(26 (99 30 92 70 93 36 63 46 76))
(82 (54 27 49 62 75 66 86 44 25))
(83 (90 96 13 84 61 88 92 87 40))
(37 (34 94 99 48 18 37 58 4 95 43))
(39 (10 63 0 55 24 40 71 1 1))
(59 (77 9 24))
(31 (8 68 87 45))
(18 (8 11 12 1 25 20))
(43 (52 19 51))
(9 (90 23 58))
(57 (91 42 85 9 81))
(43 (84 48 68 66 87))
(36 (95))
(40 (19 33))
(57 (65 19 85 34 46))
(13 (62 10 0 86 57))
(81 (92 67))
(97 (79 80 14 37 34 56 13 7 78))
(93 (74 38 88 3 59 71 26 51))
(67 (70 57 70 82 47 66 75 5))
(18 (18 64))
(84 (16 32))
(57 (33 35))
(12 (31 91))
(22 (75 97))
(2 (45 38 65 64 30 36 57))
(53 (36 84 87 26 6))
(48 (14 51 43))
(37 (77 90 30 6 54))
(21 (19 43))
(72 (6 31 97 19))
(49 (50 57 29 40 7 68 23 14 73 45))
(32 (97))
(25 (88 78 95 17 91 19 29 69 10))
(49 (21 6 43 54 63))
(80 (59 54 21 71 1 56 80 38 14 66))
(81 (92 15 62 89 97 59 11 50 20))
(69 (2 62 83 5 61))
(48 (71 5 85))
(5 (11 35 61 86 96 28 1))
(86 (82 1))
(56 (72 30 75))
(85 (77 41 67 2 58 36 51 98 86 30))
(91 (66 2 22))
(84 (58 82 61 77 47 58 18))
(86 (53 0 56 43 5))
(94 (61 29 1 72 70 3 64))
(91 (53))
(30 (22 57 28 27 71 77 47 74))
(50 (63 59 40))
(73 (15 99))
(56 (1 85))
(19 (57))
(52 (62 4 51 23))
(85 (25 24))
(17 (84 3 43 74 6 92 87))
(32 (81 85))
(31 (26 89 74 50 45 49))
(1 (2))
(67 (62 7 55 40 82))
(88 (2 93 40 4))
(71 (45 32 79 50 71 72 14 50 90 33))
(56 (40))
(41 (99 76 38 50))
(46 (90 18 51 13 48 45 16 68 34))
(24 (26 28 97 73 98 14 62 13 47))
(85 (90 84 16 31 74 29))
(39 (85 72 29))
(8 (8 35 92 72 97 26))
(67 (55 82 35))
(81 (7 14 67 68 54 9))
(44 (9 18 47 27 85))
(22 (10 91 97 27 85 24 85 0 61))
(95 (3 15 25 70 45 70 2 61 36 6))
(98 (37 4 33 85 21 14 94 47))
(31 (79 21 13 46 90 75 46 0))
(75 (31 61 90 42))
(76 (33 15 79))
(34 (3 4 23 9 49 55))
(65 (60 36))
(16 (22 41 21 47 30 96 97 57 84 20))
(48 (51 5))
(31 (74))
(83 (50 98 22 55))
(95 (0 76 1 63))
(64 (93 32 30))
(37 (67 1 27))
(25 (28 20 32 20 1 75 72 70 42))
(9 (2 55 91 95 73 40 33 46 18))
(30 (50 42 56))
(5 (0 19))
(9 (25 60 97 21 48 18 87))
(81 (5))
(66 (13 88 23 21 78 15 4))
(70 (57 8 44 27 36))
(43 (62 73))
(2 (69 53 32 47 76 35 78 81 12))
(25 (57 42 30 66 26 50 51 41 92))
(6 (74 98 72 80))
(95 (37 3 44 40 76 10 87 86 54 49))
(15 (52 29 0 44 36))
(89 (94 10 74 83 85 1 31 41))
(1 (44 71 29 30 6 63 32 89 6))
(30 (55 47 44 66 18 4 93 12 98))
(23 (30 41 8))
(25 (66 64 5 42 1))
(44 (14 81 67 34 29))
(25 (31 48 86 88 72 40 21 70 22))
(3 (34 12 15 75 19 60 11 1 68 92))
(33 (58 62 42 81))
(55 (5 48 17 81 68 45 96 51 54 95))
(39 (10 70 27 21))
(58 (4 32 94))
(33 (83 76 69 2 85 88 25))
(17 (11 72 6 78 3 31))
(17 (53 1 19 89 66))
(73 (32 65 74 99 20 45))
(63 (24 58 34 98 37 93))
(37 (4))
(8 (25 46 1 52 98 9 88))
(93 (83 17 10 47))
(63 (22 22 94 87 58 43 31))
(94 (8 69 69))
(30 (17 48 42 61))
(71 (12 46 13 26 75 61))
(82 (58 52 91 77 63 99))
(67 (87 23 85 91 2 28 69 67 45))
(14 (13 82))
(82 (83 58))
(2 (17))
(100 (6 19))
(86 (59 41 43 93 91 45))
(87 (63))
(9 (45 87 29 70 79 77 53 46 45 41))
(84 (80 36 94 34 12 59 41 40 77 83))
(3 (62 32 93 66 88 78))
(52 (32 72 63 12))
(69 (37 4 45 4))
(45 (33 58))
(11 (63 47 42 98 99))
(13 (69 38 89 25 94))
(3 (88 50 44 17 79 96 4))
(77 (51))
(39 (92 17 50 67 25 1 31 86 90))
(3 (99 51 49 94 51 86))
(28 (44 94 6 50 32))
(60 (26 85 17))
(80 (36 84 3 83 94 22 74 21 68 56))
(61 (2 43 30 79 76 72))
(97 (10 12 86 65 70 30 28 98))
(78 (73 87 42 3 39 50 33 80 74))
(80 (89 66 41 82 36 5 30 41))
(82 (57 8 29))
(92 (65 14 77 3 96))
(97 (71))
(74 (13 79 3 72 55 60 26 97))
(85 (61 33 3 49 7 8 66 4 52))
(71 (8 3 65 5 45 0 81 65 64))
(16 (68 99 8 7 7 57 96))
(91 (65 61 13 23 35 56 8 43 48 64))
(52 (15 40 54 9 86 87 59 30 96 86))
(50 (68))
(83 (1 63 80))
(76 (97 7 3 8 76 99 82 11))
(4 (7 71 38 31 35))
(84 (28 36 70 84 27 52 13 53 87 24))
(54 (16))
(39 (25 79 69 91 44 97 83 66))
(58 (29 43 97 52 26 91 40))
(70 (53 42 7 14 18))
(74 (65 47 67 23 89 84))
(27 (4 78 65))
(19 (60 61 15 99))
(53 (16 77 99 93 2))
(48 (75 47 88))
(9 (29 54 87 19 81 72 34 7))
(17 (33 3 42 89 91 1 0 0 43))
(15 (16 83))
(64 (3 53 54 59 28 59))
(71 (30 61 81))
(70 (34 79 37 72 60 63))
(49 (7 75 37 9 45 99 70))
(99 (25 70 50 71 15 63 90 37 29 50))
(43 (76 32 23 24 93 45 29 75 97))
(57 (89 18 33 77 56 82 50 48 30 43))
(34 (13))
(36 (98 77 33 84 18 16))
(4 (61 40 59 88 23 18 6 5 92 97))
(87 (85 96 49 92 81 17 70))
(72 (64 23 60 6 8))
(53 (99))
(88 (28 78 91 15 5 7 0 12 14 83))
(22 (97))
(53 (38 31 40 95 24 51 17))
(90 (46 86 6))
(84 (5 37 99 30 56 76 57 69 25 27))
(32 (11 2 57 76 27 21 31 16))
(91 (50 84 13 78 85 31))
(7 (3 16))
(61 (73 41 62 38 66 8))
(72 (64 80 82 59 62 41 37 37 78))
(44 (93 52))
(89 (57 46))
(77 (91 95 28 83 41 76))
(52 (55 25 66 34 98 68 19 49 51 27))
(27 (32))
(37 (75 32 76 14 56 68))
(31 (89 47))
(97 (12))
(88 (58 46 8 66 60 65 46 74 43 60))
(16 (30 37 26 94))
(31 (87 18 20 19 72 12))
(99 (55 69 64 52 81 89 4 26))
(12 (9 45 24 27 33 11))
(46 (25 91 60 11 32 37 93 72 33))
(23 (33))
(68 (10 4 50 84))
(95 (31 80 8 28 85))
(11 (30 69 67 4 1 35 77 37 3 28))
(76 (41))
(18 (28 48 12 43 29 85 81 22 60 96))
(79 (27 14 68 43 80 42 14))
(96 (98 89 34 47))
(57 (26 42 55 59 96 48 36 88 11))
(5 (99 73 74 42 79 31 63))
(6 (34 57 76 49 95))
(88 (3 97 49 51 14 99 2 96 62))
(88 (59 85))
(71 (50 18 73 71 31 90 45 69 48))
(69 (76 32))
(47 (98 96 10 11 38))
(88 (12 46 94 50 99 55 10 31 28))
(77 (54 72))
(92 (71 5 25 0 19 15 96 25 87 56))
(30 (90 14 35 69 58))
(18 (34 52 25 6))
(34 (63 96 81 38 72 95 23 36 76))
(24 (52 10 83))
(37 (88))
(78 (77 48 34 14 10 7))
(61 (35 1 11))
(36 (43 69 58 3 59 87))
(67 (40))
(37 (9 26 44 21 47))
(93 (15 74 60 38 32 95 64 62 20 72))
(43 (15 6 41 83 53))
(20 (19 44 36 16 38))
(22 (47 76 55 10 15))
(69 (43 28 31 36 1 24 18 73))
(50 (40 80 75 84 94))
(51 (40 74 16 21 26 62 16))
(91 (93 40))
(61 (24 87 17 71 97 71 22))
(14 (14 72))
(61 (2 30 75 57 3 70 51))
(71 (24 91 21 90 31))
(52 (6 99 31 88 47 49 3 2))
(67 (66 96 62 56 74 44 68 68 3 64))
(31 (6 87 13 88 29 11 69))
(100 (88 67 7 97 54 69 7 28))
(24 (82 84))
(33 (76 80 62 38 53 7 7 23 10 69))
(23 (82 40 70 40 60 63 55))
(1 (13 12 4 2))
(39 (81 84 16))
(87 (96 8 75 78 80 90 42 29))
(37 (74 82 16 32 68 92 20))
(28 (15 12 2))
(18 (42 31 96 1 78 32 7 16))
(61 (88 97 50 76 7 64 96 53 5))
(76 (12 17 53 79))
(25 (68 28 62 32 4 42 44 80 35 1))
(41 (63 99 56 69 4 47))
(16 (31 9 60 82 54 1))
(44 (34 13 58 28 42 6))
(67 (80 80))
(82 (99 79 6 0 43 93 12 40 87))
(31 (55))
(39 (8 90 5 19 23))
(62 (21 48 26 45 0 3 42 16 46 35))
(85 (5 73 9 4 28 22 76 11 90))
(41 (77 70 34 11 94 7))
(50 (93 94 10 48))
(77 (56 54 7 24 67 45))
(5 (61 18 89 39 9 33))
(89 (81 64 77 78 17 38 83 67))
(78 (55 61 95 68 0))
(66 (46 27 88 69 21 50 36 87 35))
(12 (11 70))
(79 (40))
(82 (28 17 69 68 9))
(56 (48 82 86 32 66 71 81 70 58 8))
(38 (33 62 63 85 37 71 71 57 62 42))
(58 (29))
(26 (91 56 29 11 64 28 93 9 95))
(87 (68))
(27 (86 29 37 40))
(80 (75 98 77 96 92))
(55 (33 9))
(19 (12))
(31 (86 90 51 13 87 61 15 40 63 33))
(51 (69 25))
(8 (6 14 57 39 58 36))
(39 (19 33 3))
(58 (21 4))
(41 (18 90 98 55 63 23))
(52 (45 78 88 62 55 29 52 9 20 26))
(32 (92 76 82 28 42 3 95 97 19 94))
(33 (87 23 84))
(54 (83 92 49 34 13 14 22 91 13))
(15 (95 72 61 37 6 68))
(98 (91 41 64))
(26 (55 74 19 4 7 88 2))
(28 (46 63 74 57))
(30 (5))
(91 (34 78 3 43 71))
(65 (24 32 96 36 57 19 49 75))
(82 (51 91 99))
(30 (92 42 39))
(33 (47 87))
(22 (76))
(83 (47 9 98 2 61 57 99 38))
(15 (32 65 59))
(13 (1 93 99 50 41 24))
(59 (26 1 74 82 23 84 65 8 49))
(80 (78 55 43 30 34 41 59))
(89 (49 38 72 69 74 29 36))
(35 (75))
(64 (34 94 68 2 89))
(76 (81 45 38 22 15 42 1 78 34))
(89 (68 52 18 13))
(88 (3 50 15 28 31 76 57 8))
(64 (83 2 21 23 22 81 3 39))
(63 (96 62 39 3 26 84 70))
(7 (8 66 41 50))
(35 (62 46 14 64 40 3 59 11 86 2))
(4 (72))
(40 (0 56 65 59 22 80 64 49 84 84))
(53 (51 87 71 52 50 77 38 32 90 92))
(89 (86 33 71 64 0 16))
(1 (22 38))
(64 (45 30))
(64 (27 74 45))
(73 (38 52 87 38))
(88 (32 27 83 81 34 51 36 87))
(59 (11 35 65 79 8 21))
(89 (90 89 87 24))
(13 (57 7 13 43 3 74 30 12 55))
(65 (15 49))
(48 (31 57 85 33 0 84 63 34 28 68))
(1 (27))
(19 (59 11 2))
(18 (93 84 15 1 95))
(63 (92 91 78 98 91 40 91))
(57 (83 94))
(59 (93 3 92 84 48 94 18))
(92 (25))
(37 (78 97 81 5 46 70 26 31 53 19))
(78 (76 22 73 2 52 33 22 34 39 16))
(83 (2 9 29 71 80 67 43 81))
(14 (71 0 66 2 21 41))
(49 (10 31 43))
(60 (8 92))
(3 (59 88))
(61 (44 32 30 17 97 66 12))
(52 (24 78))
(88 (40 93 72 37 8 13 88))
(47 (0 81 35 13 97 85 77 35))
(79 (1))
(80 (51 6 73 67))
(43 (0 88 56 95))
(9 (55 74))
(63 (43 43 58 3 28 72 0 45 94 84))
(50 (91 37 26))
(24 (56 9 4 12))
(80 (64 81))
(92 (76 97 56 72 87 81 14 20 14 72))
(6 (83 64 67))
(98 (25 62))
(27 (10 18 69 93 66))
(27 (52 88 85))
(28 (52 66 63 59 84 86 49))
(16 (33))
(2 (76 77 65 5))
(33 (76 31 97))
(62 (45 98 67 75 48 49 14 65))
(100 (77))
(42 (79))
(83 (19 91 68 62 5 41 6 74 72 12))
(87 (60 76 13))
(89 (85 36 45 64 5 53))
(79 (23 76 53))
(52 (69 87 88 65 7 97 74 65))
(60 (5 64 74 57 26 72 57 70 11 12))
(99 (38 4 62 86 19 0 79 23 68))
(65 (7 33 17 89 51 84 7 29 24 22))
(97 (73 54 73 51 60 83 35 7 70 86))
(10 (80 69 48 53 13 38 35 3))
(63 (92 44 58 63 42 96 92 67 30 96))
(76 (99 64 11 32 57 33 57 2))
(5 (47 78 28 1 96 16))
(65 (65))
(19 (58))
(31 (23 43 42 31 32 52 59))
(7 (55 1))
(14 (0))
(79 (63 76 85 72 68 83 91 17 8))
(84 (93 14 38 40))
(24 (20 79 91 10 80))
(42 (0 21 87 3 59 1 35 86))
(75 (28 86 70 82 21 32 91 81 59))
(13 (5 60 60 6 32 85 55 17))
(31 (21 9 30 15 64 94))
(79 (52 33 3 88))
(40 (10 42 33))
(50 (86))
(60 (87 84))
(94 (99 86 35))
(83 (41 0 2 59 46 47 83))
(88 (60))
(100 (60))
(83 (37 3 3 0 53 79))
(5 (43 0 48 49 61 25))
(69 (58 97 13))
(21 (6 86 49 45 77 62))
(7 (50 59))
(45 (41 93 81 30))
(85 (55 36 56 12))
(34 (44 28 11))
(93 (85 18 5 35 23 96 79 23 69))
(15 (15 48 34 64 34 30))
(39 (68 40 3 8))
(86 (62 79 3 57))
(39 (51 72 80 32 17 1 38))
(67 (57 20 1 66 20 0 29 18 18))
(45 (52 56 76 62 27 88 76 29))
(5 (2 46))
(73 (46 57 41 85 38 26 30 44 48 99))
(51 (7))
(98 (58 90))
(31 (30 84))
(6 (66 24 57))
(72 (55 30))
(60 (28 59 66 93))
(25 (92 99 27 51 56 11 12))
(32 (68 51 31 41 31 1))
(55 (97 57 55 88 53))
(57 (38 7 15 23 35 88 9 32))
(39 (91 88 17 69 58 47))
(44 (6 21 93 97 27 10 97 71))
(89 (3 13 99))
(96 (76 42))
(83 (31 85 5 49 41 71 37 34 45))
(11 (57 48 53 81 41 35 35 30))
(99 (53 12 43 49 18 68 58 66 55))
(85 (21 54 39 18))
(88 (56 49 88 96 61))
(39 (2 11 77 20 19 60 21 67))
(36 (66 36 37))
(60 (24 7 0 16 81 3 13 38 12))
(55 (63 89 95))
(16 (16 1 40 62 38))
(31 (98))
(75 (20 25 58 53 46 8 67 85))
(69 (27 63 21 78 80 55 72 84))
(16 (31 70 29 94 63 51 51 11 93 66))
(27 (39 81 59 64))
(72 (72 21 37 47 23))
(97 (40 37 56 18 53 49))
(81 (29 71 46 44 48 48 53 67 0 37))
(74 (50 15 48 4))
(47 (29 52 66 99 7))
(59 (59 42 80))
(32 (84 58))
(83 (23 65 75 11 41 68))
(60 (59 99 18 12 8 74 78 34))
(6 (81 58 40 64))
(40 (1 26 46 19 23 80 16 85 96))
(84 (98 99 58 18 2 74 89))
(33 (30 45))
(47 (74 70 93 54))
(94 (62))
(19 (75 17 11 42 70 52 7))
(15 (25 73 23))
(94 (54 70 8 4 95 86 98 12))
(52 (25 45 86 22 25 55 59 51 18))
(98 (64 82))
(83 (18 17 75 56 63 58 54 96 79))
(35 (33 60 67 71 23 98 73 34))
(86 (72 68 3 53 39 49 68 74 67 64))
(60 (2 97 79))
(36 (93))
(48 (22 99 66 38))
(55 (94 13 5 81 21 52 57 15 74))
(37 (72 23 90 78 41 64 88))
(12 (79 28))
(54 (82 67 77 7 41 20 82 92 21 32))
(8 (72 96 9 90 9 43 48 89 53))
(39 (43 66 72 36 69 93))
(70 (36 4 50 49 75))
(100 (84 63 57 89 86))
(44 (5 67 96 92 92 81 44))
(61 (53))
(8 (30 8 67 36 62 74 37))
(38 (9 74 40 21 91 98 58 75 21 93))
(11 (2 42 68 48 49))
(5 (14 31 88 11 7 27 10 60 2 43))
(73 (70))
(26 (85 85 51 90 98 69 15 41 37 18))
(40 (96 15 55 90 98 49))
(40 (2 91 58 84 39 46))
(80 (44 11 12 31 51 95 25 63 24 38))
(92 (95 80))
(58 (53 41 62 97 71 52 80 99 56))
(74 (18))
(92 (56 28 35 4))
(34 (5 13 38 29 54 71))
(72 (60 13 24 21 77 1))
(73 (2 53 22 55 50 23 24 65 51 12))
(71 (13 23 52 41))
(14 (32 85 40 34 7 90 38 24 54 41))
(32 (72 23 52 44 63 4 95))
(53 (16))
(67 (86 7 35 79 58))
(55 (5 26 27 58 95))
(32 (93))
(58 (86 24 89 54 91 51 36 74))
(28 (24 87 1 40 27 71 79 95 36))
(78 (88 90 24 60 90))
(35 (96 27 60 25 55 93 21 95))
(29 (75 7 42 92 53 80 24))
(26 (39 83 25))
(48 (47 98 96 36))
(54 (69 27 22 98 74 96 71))
(81 (26 83 44 34 35 40 1))
(3 (16 70 52 15 99 33 30 19 27))
(21 (99 5 23 97))
(27 (93 62 14 60 29 87 11 74))
(74 (92 93 37 55 36 17))
(35 (33 33 5 2 54 95 21 78))
(90 (96))
(43 (35 89 12 34 24 30 11 11 97))
(68 (41 68))
(85 (39 78 66 57 69 97 20 7 81 99))
(48 (59 52))
(79 (27 67))
(54 (62 77 20 76 48 68 20))
(54 (40 83 26 34 21))
(82 (52 75 32 29))
(50 (31 75 48 58 16 95))
(43 (98 55 94 82 43 40 18))
(35 (8 68 72 65 83 97 66))
(1 (53 2 90 77 95 98 16 5 12 38))
(68 (41 2 38 2 55 9 92 44 19))
(30 (53 94 97 59 51 45 64 14 4))
(18 (30 72 97 6 7 8))
(55 (14 88 21 69 53 70 72 73))
(27 (57 92))
(34 (46 11))
(58 (46 75 20 53 51 50 5))
(95 (35))
(97 (4 90 37 81 7 47 34 54))
(21 (47 89 77 36 86 26 47 97 78))
(54 (39 21 72 98 88 43 96 82))
(27 (0 87 7 63 11 32))
(26 (17 88))
(49 (2 54 35 35 73 24 38))
(22 (49 93 62 92 91 69))
(15 (37 7 65 48 4 80 8 41))
(87 (25 18 36 96 87 71 96))
(8 (50 32 15))
(39 (50 20 21))
(92 (92))
(31 (65 17 56 69 91 3 74 23))
(83 (35 38 66 46 97 37 92 75 52 22))
(98 (3 49 46 98 5 40))
(65 (15 76 7 57 88 79 72 29))
(42 (57 57 83 40 96 27 19))
(12 (62 5 84 4 46 40 99 71 35))
(71 (51 34 66 63 61 94 83 44 59 49))
(61 (24 28 3 52 25))
(89 (85))
(51 (39))
(75 (71 45 85 12 58 14 75 91 53 74))
(96 (49 3 95))
(21 (43 64 29 96 33 41 37 67))
(16 (88 78 56 63 0 93 46))
(49 (7 4 65 77))
(32 (45 63 19))
(78 (40 11 71 87 65 61 13 73 18))
(86 (72 82 84 15 77 66))
(12 (33 8 72 91 69 66))
(69 (24 68 7 37 66 32 34))
(96 (15 46 95 65 8))
(49 (83 58 18 58 18 41 14 47 19))
(99 (49 42 27 34 87 72 39 83 26))
(50 (46))
(75 (38 63 52 45 23 52))
(33 (27 38 83 91 20 8))
(31 (42 96 10))
(5 (2 47 73 62 94 80 45 23 89))
(86 (47 56 7 82 33))
(37 (85 79))
(83 (19 14 1 61 40 85 40 73))
(87 (36 63 11 61 45 57 10 14 99 94))
(65 (90 90 88 44))
(55 (67))
(71 (16 52 42))
(36 (94 32))
(1 (13))
(50 (94 67 76 13))
(92 (38 39 74 87 22))
(49 (9 84 52 80 90 53 38 91))
(7 (9 4 54 89 56 18 80 86))
(8 (91 26 61 19 97 58))
(40 (95 47 88 9 19 1))
(42 (97 71))
(81 (87 95 18 52 95 66 17))
(54 (69 89 82 99 35 86 34 43 82))
(81 (39 45 55 80))
(24 (0 13 8 14 94 66 23 64))
(84 (8 62))
(38 (8 71 68 49 31 53 94))
(12 (70 85))
(22 (98))
(92 (93 92))
(3 (82 2 42 88 54 8 27))
(7 (7 34 90))
(85 (62 81 79 94 84 16 73 62))
(24 (72 59 22 13 49 8 63))
(86 (28 42 75 79 10 75))
(7 (72 37 98 35 48 46 10 7 47))
(67 (66 3 19 82 66 40 90 2 31))
(60 (46 93 95 79))
(2 (18 0 83 94 92 60 3 11))
(88 (99))
(77 (2 63 50 6 69 50 53 68 67 32))
(92 (23 30 2 52 35 85 53 72 95 18))
(63 (90))
(77 (58 48 26 4 37 24 47 98 95 30))
(99 (86 36 11 75))
(100 (0 99 23 0 50 14 55 9 47))
(31 (79 67 57 26 34 93 78 69 91))
(36 (58 69 29 58 33 7 52))
(33 (29 99 99 40 51 21 84))
(49 (72 77))
(31 (35 21 26 52 25 45 61 45 53))
(85 (94 96 65))
(8 (30 49 9 97 49 86))
(18 (98 46 94 56))
(79 (43 37 32))
(100 (1 78 65 22 22 39))
(49 (96 13 9 78))
(15 (29 84))
(98 (71 50 9 32 54 34 49 36 96 69))
(47 (95 34 0 58 20 29))
(100 (8 34 55))
(98 (84))
(49 (36 24))
(93 (46 76 26 68 75 1 51 62 28))
(26 (11 59 29 96 19 28))
(45 (21 91 73 21 57))
(18 (0 78 87 67 82 78))
(10 (29 47 47 70 4 80 77 31 55))
(40 (25 80 0 78 76 67 18 38 49))
(82 (29 97 38 5 4 76 97 64 58))
(22 (51 73 39 63 31))
(75 (95 89 89 71 20 82 79 82))
(20 (92 70 13 61))
(60 (78 85 20 32))
(58 (66 4 10 85 41 87 28 80 1 73))
(80 (36 42))
(66 (70 75 25 0 73 90))
(35 (3 67))
(87 (15 57 36 5 33 63 40))
(52 (84 58 89 90 92))
(79 (95 39 53 53 2 50 35 91 3))
(66 (50 51 96 52 53 55 48 85 91))
(84 (99))
(77 (4 57 32 23 20 55))
(2 (35 41 59 35 70 88 12))
(65 (58 11 23 45))
(84 (77 52 56 17 76 94 53 25 63 72))
(29 (14))
(90 (6 48 93))
(2 (89 62 3 67 55 73 36 2))
(80 (3))
(40 (78 80 89 40))
(19 (65 78 88 44))
(49 (73 24 25 24 15 39 89 17 98 24))
(12 (75 21 26 13 46 31 6 0 6 45))
(43 (91 87 46 71 45 83))
(65 (18 96 58 2 12 57 99 87 78))
(38 (7 17 19))
(8 (30 92 47 36))
(68 (9 61 21 96 12))
(21 (27 91 87 26))
(15 (88 40 24 93 49 82))
(75 (27 33 33 30))
(1 (76 54 57 35 69 19 42))
(71 (89 40 74 97 63 77 60 85))
(98 (96 85 69 4 66 1 31))
(54 (24 27 98 11 51 17))
(2 (99 74 82 38 1 64 77 64 70 2))
(19 (72 5 23 57 32))
(34 (39))
(12 (42 10 4 77 46 23 32 88 75 39))
(11 (75 59 20 48 38 88 22 62))
(46 (93))
(54 (77 29 55 40 46 21 37 91 81 35))
(11 (78))
(64 (68 59 78))
(96 (98 19 46 87 82 26 73 44 38))
(10 (18 75 89))
(21 (10 86))
(52 (33 20 63 20 96 20 7 38 85 23))
(78 (51 88 43 76 83 48 50 47 72 82))
(12 (42 16 36 88 33 10 76 4 90))
(77 (99 25 29 67 7))
(4 (76 21 96 24))
(4 (59 58 32 21 51 38 30 45 55))
(100 (47 71 1 4 12 18 47 60))
(1 (71 33 41 42 33 88 41 50 89))
(41 (5 22))
(1 (57))
(87 (61 71 85 50 3 24 36 79))
(91 (1 24 24 79 9 37 17))
(95 (44 95))
(71 (81 6 6 24 89))
(3 (5 7 38 41 99 27))
(47 (49 14 33 97 53 2 11 72))
(87 (97 33 68 69 39 15))
(85 (22 55 90 21 62 56 44 82))
(49 (66 75))
(95 (66 69 79 69 13 33 37 53 90))
(4 (17 18 97 13))
(37 (61 37 8 94 20))
(92 (14 12 91 59 45 29 60))
(10 (75 64 69 28))
(69 (46))
(64 (81 80 86 79))
(51 (23 46 26 21))
(59 (28 41))
(80 (92 72 92 84))
(19 (47))
(36 (58 46 83))
(71 (71))
(81 (59 23 51 30 41 58 66 96))
(92 (46 11 19 77 41 97 69 19 66))
(17 (8 64 39 15 49))
(73 (21 17 68 74 69 59 58 44 72 19))
(49 (70 87 51 65 67 74 7))
(99 (49 78 68))
(6 (0 98 82 19 40 56 36 62 0 66))
(4 (9 0 90))
(22 (27 34 7))
(85 (46 34))
(30 (54 43 5 61 45 75))
(5 (75 99 18 27 71 43))
(22 (55 35 89 74 80 12 45))
(80 (83 18 94 35 28 20 28 26))
(81 (54 12 30))
(61 (56 94 99 0 87))
(41 (75 87 15 83 12 89))
(77 (72 35 62 35 61))
(77 (19))
(100 (14 29 51 44 86 71 93 97))
(49 (92 27 31 24 50))
(73 (97 16 88 1 9 37 86 86 23))
(41 (35 95))
(49 (1 88 88))
(77 (0 23 78 2 41 49))
(70 (82 1 16))
(28 (61 98 38 47 23))
(72 (3 50))
(73 (47 80))
(86 (98))
(31 (85 79 23 66 28 57 1))
(90 (23 51 86 13 93 84 59 90))
(44 (84 46 88 33 65))
(66 (99 96 38 49))
(10 (92 8 68 91 69 42 6 61 65 14))
(13 (97 21 62 15 48 66 96))
(91 (26))
(29 (82 44 40))
(47 (52 69))
(82 (88))
(18 (95 88 35 39 85 21 94 41 81 42))
(11 (95 45))
(3 (99 88 3 49 90 11 31 8 52 65))
(22 (35))
(39 (33 9 9 33 58 3 48 11 43))
(46 (68 23 33 69 86))
(60 (42 93 5 69))
(10 (50 62 62 69 36 31 80))
(39 (89 87 48 94 66 1 0))
(8 (55 55 35 95 78 81 59 14))
(78 (63 99 38))
(15 (20 53 69 24 11 73 20 5))
(7 (25 81 54))
(46 (32 30 42 58 44 46 55))
(76 (44))
(59 (86 77 28))
(17 (67 84 41))
(26 (73 41 70 65))
(73 (71 22 30 19 98 59 1 49))
(73 (17 46 54 69 42 8 93 7 93 56))
(3 (69 34 99))
(49 (39 35))
(98 (94 94 92 69 7 87 52 14))
(67 (84 9 29 95 5 84 89))
(16 (72 16 37))
(62 (71))
(16 (6 19 72))
(33 (24 19 4 40 49 55 0 48 59 66))
(26 (37))
(62 (33 58 88))
(22 (97))
(75 (19 62 18))
(80 (87 44 42 6 98))
(38 (47 58 82 41 74 92 45 24 8 31))
(33 (18 38 20 44 7 7 27 74))
(40 (71 34 80 3 3 7 80 10))
(41 (89 15 59 30 91))
(63 (48 37 47 22))
(63 (75 14 3))
(25 (61 38 69 22 39 76 65 81 52 64))
(38 (24 21 48 43 67 28 33 35))
(94 (33 94 9 74 32 88 84 35))
(67 (27 2 87))
(80 (41 5 1 56 67 40 8))
(18 (97 33 18 30))
(81 (68 68 87 71 11 64 54 31 89 93))
(39 (21 64 78 41 19 82 82 28 33))
(57 (87))
(44 (83 32 53 9 84 81 53 96))
(98 (0 34))
(18 (61 79 43 42 61 12 47 63))
(88 (55))
(54 (86 47 73 44 39 52))
(88 (16 76 2))
(3 (52 40 45 34 29 38))
(82 (72 65 70 51 98 85))
(81 (68 7))
(39 (9))
(97 (57 86))
(89 (92 18 24 88 65 48 96))
(19 (0 95 50 5 97))
(63 (23 34 77 77 35 54 58 18 6))
(85 (10 56 53 2 95 94))
(8 (39 34 32 2 95 96))
(2 (46 4 55 25 50 49 39))
(89 (56 44))
(52 (5 62 64 12 67 52 1 3 62 90))
(72 (65 5 45 93))
(47 (77 65 19 72 77 31))
(28 (90 76 64 41 80 33 48 26 8))
(66 (3 28 11))
(7 (30 45 9 12 70 38))
(66 (3 96 20 24))
(95 (98 30 38 36 46 0 40))
(45 (94 37 26 80 63 79 85 81 16 95))
(92 (28 18 17 73 79 85 42 95 63))
(94 (61 10 76 5 6 20))
(27 (53 53 86 5 16 85 62 84 16 84))
(38 (62 88 24 39 42 17 98))
(32 (73 61 29 79 51))
(87 (92))
(95 (89 94 56 9 73 70 1 29 11))
(65 (16 12 90 71 60 5))
(34 (51 44))
(7 (36 63 46 21 59 72))
(13 (60 98 34 6 21 4 24 54 66))
(51 (71 87 74 86 20 97))
(4 (26 38 52 24 91 91 5 7 45))
(1 (87 32 96 35))
(92 (10 25 56 26 87 4 57))
(96 (55 9 75 10 77 64))
(65 (74 66 2 94 82 13 78 11))
(22 (74 82 36 8 60 0 35 18))
(63 (87 33 88 92 6 97 92 62 68))
(73 (42 37))
(96 (24))
(75 (17 67 6 95 7 20 26 6 12 12))
(97 (36 1 0 74 21 37 19 84 97 0))
(27 (65 66 49 77))
(52 (84))
(17 (80 0 82 42))
(20 (90 2 65 84 23 49))
(2 (24 89 48))
(83 (38 55 88 78))
(70 (97 62 57 39 22 34 74 60 96))
(92 (64 58 18 19 35 1 28 1 97 41))
(57 (27 21 90 34))
(63 (8 76 69 5 42 36 99))
(76 (14 56 22 2 92 42 34 55 71))
(5 (2 18 67 18 85 15))
(55 (49 80 90 78 32))
(74 (96))
(81 (99 35 68 36 36 84 57 32 5))
(4 (30 36 64 36))
(15 (30 81 22))
(37 (77 56 40 52 85 33))
(49 (9 92 56 38 71 6 16 88))
(45 (88 38 78 13 16 85))
(98 (29 21 23 34 81 17))
(46 (3))
(53 (44 76 69 92 18 75 26 26))
(5 (74 26 35 58 73 80 7 90 50 29))
(48 (32 84 60 77 23 54 62))
(54 (5 56 66 11 98 18 83))
(27 (8 57 22))
(87 (49 34))
(59 (65 86))
(71 (86 56 69 9 33 59 10 52 35))
(7 (66 80 17 96 85 16 40 13))
(32 (90 37 92 35))
(68 (15 44 92 90 87 41 74 37))
(87 (26 79 8 69 1 9))
(96 (98 80 86 50))
(77 (84 53 63 85))
(65 (13 83 4 56 0 15))
(44 (36 98 71 72 17 66 55))
(34 (47 10 77))
(23 (46))
(89 (37 77 20 54 86 42))
(99 (68 98 75 60 41 9))
(24 (28 41 32 60))
(18 (11 43 88 37 36 42 6 17 74 26))
(45 (90 57))
(71 (65 65 85 0 31 27 93 72 18))
(17 (84 19 83 99))
(5 (30 79 90 15 79 58 90 79 31))
(66 (44 24 99 1 92 93 74 51 33 9))
(31 (12 20 70 55 78 86))
(76 (71 52 31 46 16 72 21 17))
(96 (28 13))
(81 (29 73 8 14 93))
(26 (1 12 89 31 83 52 29))
(24 (22 44 63 28))
(44 (14 57 68 27 35 56 38))
(87 (58 26 72))
(65 (13 16 78 43))
(8 (54 6))
(68 (92 29 93 3 90 69 91))
(96 (16))
(21 (62 21 39 51 96 26 8 63 10 87))
(12 (62 89 77 61))
(44 (4 90 35 32 96 40 47 77 29 55))
(61 (35 55 41 57 54))
(59 (91 45 30))
(1 (49 37 81 18 57 64))
(18 (80 63 24 43))
(69 (29 76 2 20 48 37 30 25))
(21 (88 19 99))
(13 (84 90 65 49 53 14 42))
(65 (76 84 30 80 14 44 81 58))
(89 (62 41 61 27 26 18 44 46 13 44))
(38 (68 16 92 55 18))
(75 (24 65 91 29 49 32))
(6 (87 33 39 17 56 94 90 2 36 73))
(74 (86 48 20 34 1))
(52 (6 43 73 38 91 50 90 83 69 43))
(88 (8 6 35 87 23 42 95 82))
(51 (90 15 40 88 65))
(82 (1 19 65 18 95 24 41))
(1 (28 47 88 85 0 62 74 55))
(24 (68 31 90 36))
(52 (57 3 78 39 16 72 84 17 28))
(38 (75 2 57 26 18 77 3 22 38))
(27 (40 8 98 54 59 20))
(54 (10 89))
(5 (5 50 2 64 76 71))
(51 (63 39 99 55 38 77 96))
(94 (35 57 6 46 78 49 33 68 32 47))
(60 (74 91 31 67 87 55 3 97))
(18 (65 18))
(57 (79 20))
(32 (60))
(75 (34 10 70 27 68 39 2 56 80))
(36 (83 42 4 77 21 66 53))
(29 (48 6 70))
(34 (35 20 3 71 99 49 22))
(44 (3 18 27 90 70))
(90 (26 68 57 33 34 68))
(71 (82 65 57 40 73 71 91 53))
(44 (73 16 47 1 74 87 0 54 17 19))
(65 (48 50 75 92 64 47 56 92 78))
(38 (83 70 37 12))
(34 (13 86))
(62 (98 92 75 18 19 52))
(42 (92 26 76 70 79 45 59 11))
(62 (60 80 71 77 66 70 62 50 21 33))
(60 (88 35 0 97 79 89 83 51 19 42))
(53 (35 37 18 12 85 89 17 17))
(61 (87))
(98 (49 27 48 26 19 78 20))
(68 (26 93 54 92 33 24 47 16 7))
(84 (35 22 60 7 89 66 19 16 39 26))
(9 (76 8 54 43 51 63 39 29 37))
(21 (7))
(10 (51 76 68 96 40 44 82 18))
(86 (52 35 79 95))
(15 (45 21 12 60 56 83 29 69 85 50))
(50 (0))
(64 (39 91 77 53))
(49 (10 37))
(90 (17 26 28 77 29 88 32 96 41))
(62 (22 52 9 81 77 10 72 51))
(84 (46 69 13))
(37 (95 96 82))
(68 (17 63 66 10 57 15))
(77 (1))
(93 (72 11 26 1 90 3 52))
(82 (1 3))
(23 (93 30 37 25 37 53 87 42 56 42))
(60 (48 53 46 15))
(96 (11 80 67 9 41))
(17 (7 73 99 78))
(8 (12 57 49 63 3 36 34 0))
(11 (21 88 39))
(44 (52 64 87 63 2))
(41 (0 90))
(74 (37 99 89))
(79 (87 61 76 27 16 6))
(35 (91 85 64 14 41))
(14 (70 50 9 77 2 86 16))
(22 (0 49 84 74 19))
(22 (88 39))
(68 (68 10 39 7))
(15 (50 97))
(76 (40 70 62 10 63 95 28 30 27 60))
(15 (4 98 42 28 47 17 23 32 95))
(38 (63 20 63 47 57 21 66))
(55 (66 97 21 36 94 32 50 9 3 99))
(14 (26 53 24 97))
(11 (31))
(57 (77 43 98 97 99 75))
(35 (95))
(17 (4 22 64 12 29 60 12 0))
(56 (27 10 98 69 37))
(74 (79 39 2 39 27 64 26 47 27 42))
(34 (46 52 60 94 28 98 68 77 92))
(48 (56 1 25 3 1 91 88 47 32 87))
(5 (2))
(31 (37 59 21 56 89 5 88 99 16))
(56 (31 59 66 70 13 41 92))
(23 (28 2 51 78 99))
(98 (17))
(53 (18 54))
(2 (84 49 42 24 96 77))
(51 (94 41 36 10 59 42 58 75 92))
(66 (54 38 51 43 49 73 85))
(9 (37 49 26 26 36 8 74 11 91))
(63 (26 72))
(78 (77 59 57 20 45 46 47 26))
(41 (10 68 3 94 23 18 16))
(12 (70))
(67 (44 68))
(40 (52 14 98 30 43 36 9 29))
(21 (96 32 55 10 10 19 82 28 39 8))
(81 (94 95 77 68 95))
(90 (22 81))
(99 (29 61 57 51))
(31 (89 1 90 54 31 11 23 63))
(11 (80 50 25 22))
(80 (40 34 82))
(75 (47 54 16))
(60 (66))
(76 (85 79 58 7 57))
(71 (37 13 89 53 49 28))
(74 (40 59 57 64 75 58))
(77 (4 14))
(10 (52 25 73 32 22 67))
(61 (45 98 89 30 59 86 18 6))
(41 (20))
(19 (63 80 45 79 60 82 88 42 18))
(13 (53))
(42 (88))
(32 (40 48))
(70 (7 41 13 20 94 12 21 9 70))
(45 (39 48 86 21))
(99 (6 21 92 77 57 85 6 18))
(10 (55 75 70 76 67 55 79 49 37 11))
(98 (17 15 96 13 94 53 5))
(67 (21 42 82 69 93 75))
(56 (72 93 18 32 23 13 51 26))
(20 (30 71 24 88 53 51))
(32 (97 19 41 4 32 46))
(69 (67 9 78 8 42 99 44 96))
(89 (49 78 44 89 86 50 72 53 25))
(67 (49 24 50 42 74 10 60))
(14 (12 56 27 63))
(25 (27 63 62 57 32 85))
(37 (60 8 71 19 1 17 58))
(59 (14 65 37 22))
(22 (3 42 99 62 86 90 81))
(10 (20 80 0 89 36 63 13 30 36 64))
(24 (99 35 19 56 85 11 6 13 1 31))
(58 (32 75 68 13 57 17 41 57))
(36 (8 75 43 9 8 85 73 36))
(13 (86 90))
(2 (57 72 50 43 30 54 62))
(87 (24 65))
(35 (11 38 90 27 83 81 83 63 13 56))
(72 (74 78 68 88 76 61 99))
(52 (99 43 46 92 3 80 80 76))
(91 (39 84 81))
(36 (64 83 4 97 94 15 96 63))
(87 (89 24 52 35 81 78))
(19 (32 66 60 24 65 97 7 33 28 59))
(92 (78))
(19 (22 48 46))
(45 (90 20))
(52 (18 84 93 44 31))
(58 (82 92 0 24 56 37 49))
(56 (68 93 3 20))
(58 (93 59 91))
(6 (85 99 34 32 0 31))
(20 (12 56 49 61 54 49))
(37 (65 15 71 22 56 8 41))
(72 (26 26 50))
(60 (33 5 59 71 4 5 11 33 21))
(64 (33 41 85 4 70 6))
(53 (27 9 15 75 95 79 43 14))
(33 (61))
(33 (62 5 32 75 95 66 9 25 5))
(5 (50))
(90 (67 37 45 37 35 28 5 46))
(68 (92 45 2))
(41 (5 24))
(90 (62 18 46 90))
(51 (53 96 67 88))
(94 (71 62 29 20 58 62 55 44))
(49 (18 40 80 82 92 31 90 14 90))
(68 (78))
(11 (76 7 95 44 38))
(46 (29 29 83 31 32 54 40 18 58 25))
(1 (75 78 1 75 55))
(26 (37 81 69))
(48 (37 62 36))
(2 (38 92 74 1 34 13 71 56 61))
(100 (87 48 32 13 93 47 37 16 61))
(56 (77))
(10 (90 67 39))
(62 (38 55 19 21 29 93 81 75))
(94 (32 28 99 22))
(9 (74 39 41 12 65))
(99 (64 94))
(84 (0 34))
(61 (27 16 46))
(62 (99 22 37))
(22 (39 33 22 25 35))
(76 (93 48 69 49 20 27))
(72 (42 3))
(9 (61 46 69 93 40 82 31))
(52 (6 92 66 75 96 84 65 69 8))
(75 (5 97 32 1 94 11 63 4 79))
(34 (79 57 73 29 25))
(81 (33 25))
(70 (50 86))
(50 (2 13 31 61 29 1))
(16 (81 42 81 5 75 8))
(98 (68 18 36 0 18 4 8 88))
(20 (53 85 41 46 25 97))
(9 (27 42 26 67 38 80 62))
(41 (37 37 2 59 62))
(24 (21))
(47 (19 23 30 25 99 66 85 10 8))
(2 (84 5 71 84 18))
(81 (9 60))
(48 (51 53 71 13 32 69))
(76 (21 99 76 6 95 27))
(5 (42 78 21))
(10 (47 33))
(62 (13 32 19))
(57 (77 21 54 99))
(48 (67 93 81 69 63 90 88 0 8 38))
(87 (26 99 68 80 16 96 75 89))
(57 (43 39 73 69 15 6 23))
(25 (41 0 74))
(62 (17 44 30 23 13 80 20))
(75 (27 17 62 41 98))
(50 (90 68 37 6 14 30))
(37 (16 48 20))
(68 (92))
(31 (24 69 80 76 2 96 24))
(50 (3 30))
(45 (40 99 74 50 79))
(67 (76 78 77 76 81 51 8))
(3 (63))
(31 (93 63 58 8))
(58 (86 53 19 72 12 86))
(59 (97 82 37 71 7 25 13 79 75))
(65 (42 47 24 91))
(32 (76 25 83 79))
(15 (51))
(69 (36 44 65 13 41 18))
(32 (28 61 85 12 18 65 15))
(46 (66 36 34 0 79 31 5 71 70 86))
(17 (10 45 31 12))
(59 (6 58 41))
(95 (42))
(68 (85 97 6 54 78))
(81 (63 5 62))
(93 (92 12 4 39 82 8 5 84 3))
(79 (26 64))
(83 (52 47))
(60 (21 57 80 71 29 94 33 99 91 41))
(32 (49 10 53 10))
(67 (61 92 37 29))
(65 (76 94 84 30 24 54 30))
(79 (98 29 58 39 76 1 35 84 24))
(83 (58))
(36 (32 20 38 49 20))
(87 (4 10 78))
(58 (54 70 12 54 88))
(29 (97 33 37 19 62 24 1 84 3 89))
(79 (85 25 28 12 5 51 78 82))
(2 (65 93 59 87))
(56 (22 6 39 83 40 23 17 54 83))
(77 (4))
(22 (87 78 61 3 71 42 96 25 3))
(25 (17 60 1 69 32 15 92 52 82))
(54 (14))
(48 (68 18 26 67 1 53 8 9 52 99))
(45 (6 56 7 57))
(64 (55 11 90 20))
(25 (20 83 54 91 37 71 31 38 53 65))
(63 (35 42 50))
(31 (41 72 16 48))
(68 (39 66 39 67))
(55 (10 73 48 67 95 97 51))
(10 (81 3 39 15 5 36 83))
(23 (28))
(63 (65 78 66 87 86 87))
(7 (41 5 45 19 89 35 71))
(86 (18 30 71 78 41))
(74 (17 53 27))
(15 (29 53 79 13))
(60 (19 31 61 48 22 67))
(58 (75 67 36 18 2))
(66 (71 7))
(7 (20 73 38 14 52 87 94))
(44 (60 74 19 85 19 26 61 32 76 85))
(66 (29))
(29 (28 19 58 4 91 4 70 7))
(45 (62 81 95 24))
(75 (55 99 48 31 85))
(59 (54 17 42 47 12 78 15 24 89))
(40 (31 45 64 75 88 38 43))
(34 (17 34 44 21))
(6 (12 49 53 19))
(62 (81 36 94 4 85 95 53 94 55))
(58 (48 78 93))
(31 (16 47))
(72 (25 51 67 58 73 92))
(49 (27 87 98 69 47 76 66 71))
(54 (18 94 58 72 32 80 82 73 97 22))
(31 (89 52))
(5 (86 3 20 78 5 89 32 63 40 2))
(64 (30 10 32 30 61 82 50 37 26 91))
(13 (63 40 56 94 68 64))
(24 (69))
(91 (24 66 2 3 94 92 33 77 91))
(72 (9 11))
(75 (79 11 57 21 46 92 82 36))
(59 (0))
(26 (91 46 88 20 67 50 24 5))
(26 (66 74 48 2))
(50 (10 93 40 91 95 32 18 36))
(15 (4 50 94 40 55 75 92 98 7 14))
(49 (37 66 98 38 92 68))
(56 (70 58 49 74 28 24 55 96 13 66))
(18 (10 22 63 91 32 51))
(21 (9 70 74 76 31 18))
(44 (80 50 13 75 62 23 28 14))
(77 (91 71 53 31 43 2 84))
(17 (65 92 81 64 84 25 69 91 10 97))
(15 (44 42 41 4 82 52 69 58 65 39))
(13 (36 0 68 42 87 99 91 45 92))
(65 (39))
(54 (46 48 81 85))
(61 (58 10 65 17 68 40 69))
(36 (75 34 86 31 44 39 65 81 8))
(30 (96 67 16 11 16 18 87))
(34 (5 89 1 52 2 50))
(8 (97 98 85))
(94 (25 2 75 76 75 78))
(62 (96 79 71 52 15))
(29 (56 41 40 36 1 86 0 16 25 3))
(40 (4 33 75 71 44 30 5))
(98 (32 6))
(58 (82))
(76 (89 57 61 76 20))
(82 (64 91 83 96 91 70))
(80 (44))
(45 (90 29 98 25 96 59 9 51))
(25 (35 69 13 25 68 17 91 75 96))
(21 (42 10 54 21 55 71))
(18 (60 23 25 43))
(90 (46 37 57 30 32 82))
(5 (77 73 38 4))
(3 (84 39 3 19))
(79 (32))
(67 (57 40 32 37))
(70 (61 0 54))
(60 (49))
(92 (8 85 92 39 17))
(2 (27 14 15 10 31 57 48 25 77 44))
(76 (59 47 95 37 6 64 13 33 91 14))
(15 (13 88 56 89))
(20 (88 56 59))
(29 (79 94 19 93 13))
(3 (7 84 53 43))
(70 (82 34 16 68 23 29 42 63))
(39 (82 35 1))
(50 (9 73 27 57 31))
(6 (97 51 66 73))
(96 (54 15 49 63 95))
(66 (33 60))
(14 (22 1 86 40 40 34))
(33 (3 38 40 9 17 90 10 24 84 2))
(54 (93 7 99 74 45))
(8 (67 78 41 74 82 53 80 60 38 82))
(86 (36 82 91 78 2))
(31 (10 81 88 34 22 71 59 80 12 74))
(48 (43 50 25 61 46 98 26 15 8))
(40 (24 25 39 5 99 43))
(74 (10 70 58 9 63 3 81 74 52 58))
(79 (49 94 90 72 19 57 51))
(99 (45 11 72 49 33 80 64 66 15 74))
(63 (67 72 98 45 1 55 12 21))
(76 (92 4 29 67 47 76 50 28))
(8 (60 76))
(23 (8 29 39 15 93 31 45 70 71))
(90 (3 98 39 35 68 11))
(69 (30 34 24 38 49 97 99 61 61))
(16 (91 30 31 39 12 36 21))
(95 (30 16))
(55 (61 27 68 79 5 72 38 86 32))
(53 (20 5))
(100 (19 0 32 23 89 29 91 97 89 2))
(18 (58 34 49 9))
(44 (49 4 44 59 58 69 76 94 44 60))
(44 (13 36 63 18))
(93 (96 36 6 91 26 9 39 70 3 49))
(46 (51 39 86 57 58 13))
(33 (49 22 71 84 1))
(8 (47 60 70 91 79 51))
(18 (84 1))
(52 (59 19 93 35 61 79))
(33 (51 88 96))
(28 (44 99 38 22))
(24 (84 52 21 10 5 86 67 42 90 78))
(85 (54 95 99 89 65 45 47))
(34 (96 11 13))
(10 (20 97 33 32))
(11 (84 47 96 52))
(11 (24 64 20 8))
(27 (74 13 95 21 79 60 67))
(40 (48 79))
(35 (2))
(13 (24 56 30 65))
(23 (16 59 31 23 66 7 91))
(42 (22))
(31 (83))
(2 (34 23 99 52 51))
(64 (55 51 73 80 25 88 42 38))
(84 (14 91 3 47 53 3))
(39 (61 61 55 40 84 9))
(73 (50 87 37 40 2))
(26 (39))
(98 (96 10 52 86 45 82 97 70))
(99 (50 98 90 93 48 56 15 7))
(10 (55 41 64 54 9))
(4 (56 64 24 40 41 75 77 92 14))
(27 (14 40))
(46 (62 72 75 53 97 50 6 28))
(63 (78 97 47 88 34 37))
(28 (6 70 23 16 95 25))
(88 (5 45 93))
(30 (82 25 90 19 60 49 37 43 65))
(18 (87 94 31 9 49 53 90 41 82))
(86 (55 48 84 23 25 60 94 6 40))
(31 (7 92 89 65 87 18 9 93 2 52))
(11 (60 10 93 5 79 58 85))
(21 (76 54 61))
(99 (59 0 79 76 78 22 60 33 51 23))
(1 (13 22 27 90 40 68 46 20 21))
(15 (13 50 8 91))
(15 (92 47 64 93 58 29 9 69 40 32))
(49 (19 89))
(83 (14 27 56 50 40 84 20))
(27 (60 5 46 28))
(100 (22 71 75 11 82))
(8 (35 90 94 74 94 44 66 16 83))
(71 (32 18 60 52 24 26 33 83))
(95 (5 71 84 16 92))
(96 (24 84))
(74 (21 59 66 76))
(4 (90 26 90 0 91 38))
(69 (6 71 52 52 87 21 1 24 32))
(7 (87 86))
(8 (17 7 67))
(75 (82 55 79))
(42 (4 40 52 37 90 32 33 73 55 33))
(88 (29 63))
(91 (58 5 36 15 48 2 80 63 80 39))
(5 (46 71 65 12 37 52))
(73 (54 93 12 11))
(45 (38 60 20 30 61 60 98 11 94 13))
(12 (3 52 62 71 5 60))
(49 (14 10 9 20 32 32))
(87 (57))
(46 (34 84 44 83 78 85 93 11 9))
(23 (14 72 95 1 6 71 47 61))
(15 (58 4 27 11))
(12 (65 23 10 70 49 54 42 94 52))
(76 (96 14 85 54 78 79 65 68 94))
(25 (63 85 14 92 17))
(70 (19 44 53 99 45 6 88 19 91))
(77 (61 30 82 40 50 31 93))
(75 (12 83))
(96 (5))
(1 (63 69 23 89))
(48 (35 59 41 50))
(75 (75 55 44))
(53 (56 50 53 33))
(22 (68 19 29 16 13))
(29 (37 67 45 35 72 32 13))
(13 (83 91 65 81 85 58 12 5))
(16 (73 50 96 66 10))
(56 (46 73 78 29 6))
(41 (9 94 25 15 41 11 32))
(46 (62 89 40 35))
(100 (69 85 16 47))
(85 (11 6 9 78))
(39 (94 11 73 42 17 80 94))
(5 (32 10 79 47 78 92))
(21 (76 9))
(4 (52 53 91 66 27 7 53 65))
(27 (31 14))
(64 (4 50 38 98 11 94))
(1 (85 13))
(83 (35 3 22))
(75 (38 15 14 21))
(9 (31 46 54))
(86 (71 13 86 69 66 92 77))
(30 (19 10 46))
(33 (4 95 65 80 2))
(59 (46 1 65 48))
(89 (81 96 30))
(50 (21 15 5 57 82 36))
(85 (92 18 28 92 27 62 43 90 78))
(42 (43 0 43 66 48 89 22 61))
(94 (15 59 33 56))
(13 (9 68 45 84 92 7))
(89 (14 27 67 42 86 3))
(55 (92 48 57))
(78 (73 55 70 71 79 69))
(34 (70 42))
(35 (11 87 53 6 74 73 32 60 28))
(44 (92 90 56 55 38 92 24))
(74 (79 22 21 37 89))
(34 (4 49 17 64 40 60 64 62))
(80 (14 87 53 48 14 62))
(15 (29 99 93))
(32 (67 92))
(23 (27 22 38 38 74 38 45 83))
(45 (32 43 31 20 40 61 21 1 90))
(85 (93 44 24))
(69 (45 54 48 51 52 71 8 1))
(30 (54 90 39 27 46 77 40 2))
(30 (41 79))
(73 (29 73 40 32 94 53 89))
(33 (79 6 85 96 36))
(85 (89 2 21 93 75 75 79 24 96))
(2 (68 40 13 16 16 76 84 23 39 99))
(51 (19 2 4 95 45 48 98))
(41 (9 40 61 75 64 54 93 56))
(66 (85 9 36 55 41 96 76 67 70 1))
(62 (87 62 87 46 40))
(23 (38 87 28 67 48 14 73 34 44))
(9 (4 66 32 46 33))
(31 (25 47 32 14 10 96 58 69 31))
(95 (89 84 48 62 86 34 65 43 29))
(37 (20 96 81 22 18 33))
(43 (65 31))
(26 (43 5 28))
(13 (0 58 34))
(7 (95 71 31 80))
(68 (89))
(31 (37))
(13 (50 75 91 86 58 93))
(28 (7 61))
(47 (43 83 72 5 40))
(75 (70 21 95))
(2 (54 79 68 95 5 0 6 10))
(53 (38 25 71 45 76 17))
(83 (74 10 88))
(29 (3 96 80 68))
(8 (38 77 71 60 97 34 68 81 88))
(1 (59 82 33 67 99))
(7 (62 82 2 71))
(22 (61))
(83 (23 18))
(43 (48 59 74 63 74 40 98 5 97))
(61 (97 45 64 50 4 1))
(52 (48 17))
(67 (41 81 44 89 90 49 52 92))
(96 (29 59 29 35 42 2 58 4))
(29 (79 46 79 19 45))
(57 (7 84 80 80))
(59 (64 64 59))
(79 (30 27 60 56 25 97 43 57))
(71 (38 52 4 89 26 38 87 14))
(51 (54 75 18 73 36 47 15 8 19))
(20 (66 55 27 39 28 92))
(13 (50 71))
(96 (45 35))
(60 (21 7 19 94 23 39 53))
(95 (2 32 10 6 79 40 70 46 45 3))
(12 (3 70 24 51 2 46 47 52 94 84))
(53 (98))
(84 (4 8 84 74 70 35 82))
(64 (49))
(1 (50 10 14 35 20 86 49 8 94))
(74 (75 56 21 39 66 6 30))
(97 (98 25 71 28 73 50 64))
(12 (93 27 65 38 26 20 61))
(51 (68 33))
(38 (22 4 88 85 61))
(71 (57 97 44 9 36))
(35 (42 76 44 18))
(82 (91 98 73 63 63 27 84 63 1 19))
(62 (47 42 65 65 32))
(89 (69 13 66 58 98 92 96 7 97))
(72 (90 34 88 64 5 35))
(77 (35 32 7 14 53 24))
(59 (96 63 17 3 41 15 91 45))
(73 (21 59 54 87 1 0 66))
(48 (21 91 50 78 28 96 30))
(83 (62 98 57 58 44 64 61 86))
(90 (62 0 34 94 18 85 86))
(55 (58 60 87 34 75 6))
(89 (48 21 12))
(2 (1 65 32))
(30 (46 67 42 13 97 15))
(64 (18 52))
(92 (12 11 10 88 75 10 12))
(69 (45 37 80 82 48))
(15 (45 17 23 19 16 13))
(73 (43 70))
(66 (52 72 95 67 24 33 5))
(45 (18 77 91 58))
(69 (46 50 38 64 91 28 30))
(52 (84 38 91 28 90 5 87 18))
(2 (47 34))
(87 (76))
(41 (98))
(96 (83))
(56 (87))
(51 (91 91 80 50 51 38 29 93 32))
(85 (44 41 47 97 94 69 84))
(20 (68 14 62 35 59 62 28 46 6 40))
(19 (87 10 36 35 43 70 44 89 21))
(5 (6 90 56 4 26))
(77 (72 73 59 4 32 52 11))
(68 (29 29 73 26 54 7 45 56 57))
(69 (76 95 64 4))
(77 (23 72 70 78 46 87))
(85 (24 36 80 14 66 59 10 24 15))
(12 (61 51 91))
(30 (45 39 12 78))
(42 (70 69 10 37 16 74 9))
(45 (53 64))
(29 (21 49 92 66 96 45 29 50 70 16))
(79 (65 54 3 26 42 58))
(71 (52 58 26 94 70 98 20 81 75 20))
(96 (87))
(63 (42 57 11 53 62 92 12 37 33))
(63 (40))
(16 (52 92))
(13 (31 79 68 4 47 82))
(57 (92))
(21 (29 84 11 88 9 36 37 85))
(84 (28 36 99 95 50 53 20))
(15 (90 7 77 68 86 57 5 0 9 86))
(60 (63 48 25 54))
(86 (85 73 81 10))
(94 (48 52 45 18 51 50))
(56 (51))
(98 (31 62 65 40 14 33 35 82 72 68))
(54 (32))
(49 (9 46))
(88 (69 66 90 45 66 69 12 63))
(72 (23 88 96 40))
(11 (19 49 96 39))
(99 (10 95 15 15 73))
(29 (40 16 73 89 36 34))
(51 (25 86 66 38 49 32 74 14 36))
(51 (86 53 43 3 74 58 12 85 96))
(52 (34 94 20 98))
(44 (92 93 78 22 94 57 54))
(4 (62 22 0 32 39 28 28 85 19 24))
(2 (79 68 6 7))
(84 (93 84 28 7 68 70))
(57 (37 54 47 48 42 8 11 68 54 5))
(75 (8 44 20 80 80 10 38 45))
(60 (84 4 30 16 53 84))
(93 (71 99 86 43))
(75 (63 75 21 59 17 10 19 48 71))
(62 (72 0 24 47 16 76 56 52 63 20))
(84 (99 54 60 11 34))
(45 (69 84 56 34 80 19 88 61 59 2))
(40 (73 20))
(53 (30 97 62 38 3))
(72 (93 41 75 14))
(19 (67))
(15 (19 87))
(93 (2 27 1))
(20 (55 70 70 65 37))
(35 (59))
(34 (92 57 14))
(15 (1 62 53 66 3 84))
(50 (38 34 51 33 89 51 3 9 35 43))
(80 (87 22))
(46 (49))
(63 (27 26 24 82 67 38 86))
(67 (7 68 46 36 62))
(22 (75 36 4 14 1 34))
(64 (60 81 59 27 35 12))
(70 (68 90 3 36 48 38 20 70))
(42 (88 81 17 82 70 3 40 17))
(31 (17 0 36 89 90 75 11 22 27))
(86 (93 21))
(44 (51 41 71))
(5 (8 68 11 72 17 84 98 42))
(29 (75 26 75))
(63 (74 31 27 75 9))
(18 (93 46 90 7 44 58 75 72 44))
(59 (88 78 14 82 37 38))
(92 (80 15 45 94 59 45 61 7 69))
(71 (35 34 52 93 79 99))
(96 (81 79 42 88 89 89))
(70 (73 52 58 98 49 34 53 1))
(43 (98 27 98 9 34 93))
(53 (20 64 33 25 25 50 51 25))
(69 (43))
(82 (38 12 77 20))
(78 (94 62 53))
(53 (36 96 15 91 58 65 96 82 30 56))
(4 (84 54 63 20 63 69 17 32 78 91))
(6 (29 50 92))
(49 (39 75))
(5 (64 56 68 69 44 97))
(26 (90 60 0 61 80 60 75 76 70))
(72 (56 30 82 87))
(69 (19 36 54))
(58 (41 76 66 10 23 34 64 81 77))
(51 (34 40 38 26 50 70 50 19 90))
(56 (8 52 82 81 60 88))
(31 (66 55 75 19 0 41 46 52))
(67 (53 4 24 59 16 54 30 9 76))
(44 (69 59 72 8 53 82 79 66 63))
(54 (6 7 42 48 0 89))
(100 (68 27 77 98 11 73 60 86))
(36 (29 29 67 25 97))
(84 (4 31 58 72 39 62))
(75 (44 24 32 38 66 15 61 29 34 48))
(35 (86))
(57 (6 95 87 94 9 80))
(77 (46 84 99 36))
(82 (0 37 17 36 37 30 18 73))
(67 (29 70 4 50 51 38 56 67))
(77 (75 94 59 54 26 10 71 10 83 8))
(80 (30 52 36 90))
(83 (61 61 20 62 2 81 74))
(55 (91 50 86))
(79 (89 92))
(96 (90 45 68 15 42 74 55))
(56 (67 67 36 28 9))
(30 (94 67 46))
(26 (34 63 74 72 20 78))
(46 (81 8 51 38 83 20 75 59 61 68))
(19 (94))
(74 (9 89 88 17 8 65 73 30 61 40))
(34 (6 50 32 88 27 16))
(47 (99 74 45 81 36 6 66))
(79 (47 27))
(75 (52 85 92 44 81))
(92 (23 61))
(79 (20 92 40 0 51 19 98 43))
(26 (52 57 68 9 93 11 90 98 39 19))
(94 (35 75 77 33))
(74 (56 44 16 29 0 61 4 28 44))
(37 (14 53 45 77 3 37 80))
(63 (34))
(80 (53 58 23 51 7 86 62 96 54))
(67 (0))
(82 (37 83 88))
(71 (94 98 54 55 69 53 78))
(30 (14 45 75 9 61 20 36 34))
(17 (6 16 39 58))
(9 (6 38 24 38))
(73 (96 47 73 57 2 72 19))
(17 (12 37 52))
(11 (8 69 53 58 80 76 88))
(22 (32 46))
(33 (14 40 6 49 87 18))
(100 (85 16 35 36 64 45 84 54 18))
(56 (81 50))
(77 (57 40 49 49 90 83 99 79 78))
(46 (58 51))
(83 (39 75 53))
(70 (83 62 80 40))
(87 (38 24 35 43))
(98 (48 5 26 42))
(85 (19 51 37 0 13 2 46 2 73))
(75 (29 67 94))
(99 (96 20 8))
(46 (24 42 86 97 54 39 65 4 41))
(74 (99 42 11 64))
(70 (51 69 99 42 80))
(65 (18 2 86 32 56 81))
(100 (73 38))
(6 (85 28 65 43 84 66 70 26 15))
(85 (56 64 48 29 95 94 8))
(75 (65 96 0 60 75 41 13))
(65 (96 21 45 50 71 97 47 65 50 71))
(28 (80 18 45 62 91))
(91 (90 71 8 0 51 17 13 5 36 34))
(11 (40 27 42 10 39 37 55 69))
(98 (49 4 87 60 88 83))
(37 (74 4 10 23 39 49 1))
(15 (96 91 48))
(72 (92 2 14))
(85 (2 91 64 41 27 76 16 24 29))
(44 (43 56 86 92 47 62 42 38 35))
(100 (14 85 14 14 56))
(93 (5 98 3 27 74 59 88))
(31 (22 37))
(9 (51 76 71 80 45))
(45 (73 99))
(81 (16 12 63 49 93 27 21))
(79 (26 74 26 20 72 38 56))
(2 (6 64 82 68 21 5 99 72 91 19))
(69 (59 78 53 29 20 54 32))
(47 (11 62 81 26 82 70 10))
(77 (44 24 7 97 31 39 54 64))
(6 (38 63 84 71 56 96 96 22))
(67 (72 32 52 69 4 0 85))
(45 (38 2 87 20 15))
(66 (27 79))
(49 (96 39 39 39 68 51 18 5 57))
(78 (95 43 63 11 76 75 96 57 31))
(86 (45 26))
(59 (79 74 64))
(99 (25 84 32 35 66 6 46))
(74 (18 20 16 54))
(42 (57 27 71 87 65 0 53 96 48 60))
(12 (5 76 17 28 21 22))
(58 (61 38 90 99 77 68 36 51 97))
(48 (8 49 88))
(19 (91 85 30 2 86 72))
(88 (47 46 49 6 3))
(68 (50 88 85 80 46 74 82))
(45 (9))
(36 (14 52 72 20 77))
(49 (89 91 24 51 94 33))
(55 (48))
(49 (6 71 18 7))
(85 (4 8 14 35))
(35 (59))
(22 (51 95 52 67 65 33 62))
(12 (61 82 37 46 0 77 97 40 9))
(56 (83 6 48 6 98 3 48 84))
(38 (95 64 58 56 80 70 49 66))
(68 (38))
(97 (68 63 13 77 50 70 15 73 71 48))
(58 (42 68 55 85 91 36 34 81))
(10 (75 98 75 42))
(51 (75 20 85))
(19 (98 50 0 65 94 60 42 50 91 86))
(80 (32 88 65 59 46))
(76 (39 18 90 92 90 2 9 72 40 90))
(71 (17 75 29 55 37 89))
(17 (90 21 74 88 98 99 37))
(55 (90 88 71 44 82 44))
(60 (39 80 75 83))
(94 (89 3 45 50 6 62 21 42))
(83 (3 42 63 70 78 5 73 43))
(78 (33 32 40 63 54 96 89 5 34 38))
(30 (17 86 39 34 48))
(17 (49 90))
(9 (16 0 30 86 38 96 39 82 61 98))
(32 (59 42 24 96 41 62 81 88))
(79 (40 11 78 82 65 77 13 25))
(44 (47 66 60 67 49))
(55 (12 46 25 79 26))
(63 (98 16 31 57))
(38 (6 21))
(69 (59 9 44 90))
(81 (3 5 82 80 38 6 17))
(7 (90 76 51 1))
(88 (62))
(95 (37 16 16 13 1))
(77 (12 41 90 50 68))
(30 (30 30 77 83 76 93 21))
(62 (62))
(94 (70 81 14))
(60 (85 3 83 92 47 41 16 57 89))
(21 (35 24 76 49 72 17 61 83 85))
(29 (87 23))
(21 (19 75))
(96 (87 60 70 19 48 81))
(44 (14 21 45 76))
(47 (90 41 29 22))
(66 (73 52 79 70 89 41))
(79 (46 55 11 43 14 50 52))
(57 (66 14 30 16 83 8))
(48 (55 93 90 6 84))
(23 (64 87 99 63))
(7 (44 55 84 4 89 36 8 91 71))
(1 (87 82 72 20 20 49))
(93 (21 82 88 65 90 35 77 29 86 62))
(3 (80 48 60 95))
(58 (1 32 89 55 9 85 34 61 91))
(32 (20 68))
(98 (83 62 49 63 76 62))
(52 (33 34 49 80))
(1 (37 22 42 62 56 88 67))
(48 (23))
(63 (85 52))
(76 (1 75 56 6 9))
(52 (81 95 74 19 47 51 54 4 80))
